1.000000000000000000,2.967339833505456159,0.710527930587727119
1.000000000000000000,-0.473715374398892275,-1.194718307824498948
1.000000000000000000,-1.101196859688978291,-1.170433374543134342
1.000000000000000000,-1.183257332254939120,-1.812714817628745534
1.000000000000000000,-2.391786343931444403,-0.294773102702993617
1.000000000000000000,0.090836687272448452,0.362873572921242560
1.000000000000000000,0.515013786329028833,0.548580706953417652
1.000000000000000000,0.522034011629488925,1.748757460776195094
1.000000000000000000,0.548527500195624684,-0.568729692407143217
1.000000000000000000,1.439733518262279910,-0.627831368301120962
1.000000000000000000,1.828194268978490467,0.583374089818331942
1.000000000000000000,0.620370150687381217,-1.232718243305799710
1.000000000000000000,0.207643186728561302,-0.855801293054481826
1.000000000000000000,-0.713737602411397165,-0.457387658987230716
1.000000000000000000,0.967300914468152806,0.426648345647091809
1.000000000000000000,-0.463189986577167978,-1.040326540919065845
1.000000000000000000,0.259955428595308513,0.634185900745192654
1.000000000000000000,-0.456232987054508821,-0.158320325906712661
1.000000000000000000,1.168215188145631744,0.103950992589193603
1.000000000000000000,-0.060574507702262297,-1.864580104400672456
1.000000000000000000,0.582224710750322894,-0.237163632966740395
1.000000000000000000,0.452087610621122626,-0.946067331175938775
1.000000000000000000,0.040934438053847652,0.042662898242579760
1.000000000000000000,-0.143137988496383040,0.067948351188212450
1.000000000000000000,0.901317603422174818,0.304171639050923037
1.000000000000000000,-0.405118564208130028,-1.142756132561258742
1.000000000000000000,-1.505312684332999584,-2.884391731316891860
1.000000000000000000,-1.133151262382476654,-1.051132720307085933
1.000000000000000000,0.837528121341435505,2.579436350691107105
1.000000000000000000,1.000717402355580266,-0.315548728707157389
1.000000000000000000,0.938795166937030245,0.187151914006791681
1.000000000000000000,0.686326938231972550,0.151872194454546749
1.000000000000000000,-1.329660320743698998,-1.459043017505031514
1.000000000000000000,0.269590564060320503,-1.197129030890996315
1.000000000000000000,-0.767164882859859065,0.257787014167724482
1.000000000000000000,-0.337835487537224755,-0.950143363848339750
1.000000000000000000,-0.506958002116958406,-0.875829581774297039
1.000000000000000000,-0.616719432860933892,-0.573653130003665579
1.000000000000000000,-1.621476717234257459,0.188139381199072087
1.000000000000000000,-1.167273058548914610,-0.636516456376815865
1.000000000000000000,1.172776386377526903,1.029798169508015171
1.000000000000000000,-1.297569295949585921,-1.771867468914164689
1.000000000000000000,0.115760840251682900,1.628218918792883052
1.000000000000000000,-1.713426279808427211,-1.174303806439010334
1.000000000000000000,-0.337830180552956827,-0.291046547664713773
1.000000000000000000,-1.250766093663898681,0.519270018988094995
1.000000000000000000,0.185278179788293307,0.532037838399578078
1.000000000000000000,0.471399210894683174,-0.053754627532806937
1.000000000000000000,0.417950410818262452,-0.347501838477417446
1.000000000000000000,-0.977898306164415199,-0.729408252986756045
1.000000000000000000,0.794469927782502916,0.329545003238688017
1.000000000000000000,1.234306678341968722,1.549179003930980736
1.000000000000000000,0.123562170289424428,0.059245612879180148
1.000000000000000000,1.269120052278218003,-0.184304249223510436
1.000000000000000000,-1.263461760650647525,0.333726343942279735
1.000000000000000000,-0.704077073829189937,0.604478848698631666
1.000000000000000000,0.819321087132820369,-0.020259995829866120
1.000000000000000000,-1.118766517226036594,-0.732944374830822309
1.000000000000000000,0.773365380455289908,0.951575568613965750
1.000000000000000000,-1.428420076250882964,-0.159135540149839966
1.000000000000000000,1.255780899311244703,0.778335602391411752
1.000000000000000000,1.095423748276055154,1.370525115965643526
1.000000000000000000,-0.169171740883924948,0.765142751634387830
1.000000000000000000,0.162684334447191992,1.687242130284378749
1.000000000000000000,-0.716321442961306398,0.041928891917011192
1.000000000000000000,-0.162170564451405042,-0.304954808305126002
1.000000000000000000,-1.032708082126698734,0.702572524175719026
1.000000000000000000,-0.069635458989179250,-0.285507567261664930
1.000000000000000000,-0.262417693644151406,0.175291944331024990
1.000000000000000000,2.939334255906513871,1.137135462818221976
1.000000000000000000,1.484148509982648800,1.712258677673837992
1.000000000000000000,0.456559614512814127,-0.102746360545976703
1.000000000000000000,0.208414108651660213,1.208583947581618689
1.000000000000000000,-0.234795764465152657,0.151361889227943108
1.000000000000000000,1.954277124517829201,1.104341065909721697
1.000000000000000000,-0.313596206918106302,-0.251700024600033656
1.000000000000000000,0.255544564482419467,-0.073021791643468503
1.000000000000000000,-0.205982341086879100,-0.054371690347479455
1.000000000000000000,-0.024890595096188357,-0.515038895444865918
1.000000000000000000,1.225105650926888057,-0.386270405291725960
1.000000000000000000,2.896474517346034894,2.134449341592574267
1.000000000000000000,-0.949191234745249801,-0.848064874983405437
1.000000000000000000,1.876352942575415961,0.553060365836125278
1.000000000000000000,-0.017457033320770657,-0.310331829247737667
1.000000000000000000,-1.019760355761109016,-1.097134994550980736
1.000000000000000000,0.408465748839327347,0.794047731322371053
1.000000000000000000,-0.045860588008008511,-0.035386313928791727
1.000000000000000000,-0.669337954348079966,0.114290289841398621
1.000000000000000000,0.177949047636452112,-0.460306127311074287
1.000000000000000000,-0.954728332974790206,-1.862533280188046758
1.000000000000000000,0.323930354735387782,0.210708137380645311
1.000000000000000000,1.697249847677845702,1.044410604093328088
1.000000000000000000,0.681343380539509935,1.492123734431303417
1.000000000000000000,0.446102441477583933,0.065457859701961538
1.000000000000000000,0.207853389601830862,-0.254194064680344334
1.000000000000000000,0.326335323924709708,0.498269232476385882
1.000000000000000000,-0.730230488727142246,-1.224281904468982773
1.000000000000000000,-2.134148270229161426,-1.407026010882109546
1.000000000000000000,0.766348276474502654,0.444517662375473299
1.000000000000000000,1.117842420054209640,1.146653429079441899
1.000000000000000000,0.936576945546178430,0.763884083305727435
1.000000000000000000,-0.000691843300638321,-1.270588556334922403
1.000000000000000000,-1.611579862658955697,-1.013598419397290451
1.000000000000000000,1.139369594713262490,0.292807998613878018
1.000000000000000000,-1.411090975302049300,-2.036070314582601348
1.000000000000000000,-0.259132856966746594,0.930341575413899613
1.000000000000000000,2.129724091282030329,0.972262851311006426
1.000000000000000000,0.196935246427611566,0.204426425609028795
1.000000000000000000,0.563204528694505990,2.166210352951131846
1.000000000000000000,-0.843191832621493553,0.064640318942922506
1.000000000000000000,-0.046280534913351566,0.629760884331796000
1.000000000000000000,0.847865516478155445,-0.324044211049318076
1.000000000000000000,-0.343096069619022392,-0.108351331012065372
1.000000000000000000,-0.841216346178172314,-0.369476885527711574
1.000000000000000000,0.042525004388116627,2.582200619516331397
1.000000000000000000,-2.103843141766522429,-1.904341955574145206
1.000000000000000000,-0.354984971564953122,-0.863893410540628959
1.000000000000000000,-0.738632305829613145,-0.854639507937657306
1.000000000000000000,1.266804856353945574,0.078105899490930358
1.000000000000000000,0.984580620098491233,0.590829304883991324
1.000000000000000000,1.176205761524026450,-1.226775837257440882
1.000000000000000000,-0.952462868979697230,0.134643688797413785
1.000000000000000000,0.183349410849504457,-1.026086293360454649
1.000000000000000000,0.133916753789661058,1.296504893146537052
1.000000000000000000,0.157806535808654863,0.269474910546169288
1.000000000000000000,-1.296910200945708080,-1.103241204633579553
1.000000000000000000,1.289294316608659452,-0.178738521077567408
1.000000000000000000,0.943149993573024203,-0.032672993833190306
1.000000000000000000,-2.437163570984804739,-0.920932261236480199
1.000000000000000000,-0.262832941369839423,-0.936949479246509953
1.000000000000000000,0.603172914879279487,0.618986651897149298
1.000000000000000000,-0.905590121778879986,-1.552932707068127804
1.000000000000000000,-0.855044509066238079,-1.270402211129043168
1.000000000000000000,-0.570596453732776343,0.307615369182425435
1.000000000000000000,0.560825711008102523,0.617447258483308392
1.000000000000000000,-0.022863197418706648,1.204224326745648277
1.000000000000000000,0.053069685808439640,0.055833499138986456
1.000000000000000000,0.297809951960623098,1.373952461020735427
1.000000000000000000,0.342916253439485452,-0.591584251797931615
1.000000000000000000,0.173410601651792146,1.507517484625247040
1.000000000000000000,0.338211186820330079,1.010255242977180723
1.000000000000000000,1.026536445159440092,1.021437789092529913
1.000000000000000000,0.302732051430951721,-1.496004145244941297
1.000000000000000000,-1.269766829284776355,-0.561819601941574320
1.000000000000000000,-0.548527282377822445,-2.198463918159257791
1.000000000000000000,0.693512418939432052,0.001569492795830958
1.000000000000000000,-0.078435303032048556,0.037693258049891140
1.000000000000000000,-0.403759484670122293,-1.936672516702425240
1.000000000000000000,-1.669409877442277201,-0.089921851443431899
1.000000000000000000,0.897186609507255817,-0.281037287634551824
1.000000000000000000,0.786369495031523313,0.240493392809448286
1.000000000000000000,-0.355789226059915253,0.287774461870209775
1.000000000000000000,-0.326462705673561226,-1.327222646252539162
1.000000000000000000,1.793197501109619507,0.531262632071651253
1.000000000000000000,0.771354644915667298,0.408113393141765979
1.000000000000000000,1.172176474950308078,-0.768177789155198520
1.000000000000000000,-1.739741315096466456,-1.333192121791513696
1.000000000000000000,-0.764244227452760216,-0.354331769738514935
1.000000000000000000,-0.762297350539009155,-1.004365442322785240
1.000000000000000000,0.218376111513474636,0.101230352687738362
1.000000000000000000,0.757650591005793017,-1.319328995920185710
1.000000000000000000,1.533901190979507501,0.142779779729003187
1.000000000000000000,0.342880270180362101,-0.670916617745513588
1.000000000000000000,-0.669575665656995667,-0.123654864244964330
1.000000000000000000,-2.670817685024346133,-2.872780248512667001
1.000000000000000000,1.296886452096696507,-0.734234141896909054
1.000000000000000000,1.305576261189638210,0.562245994844026376
1.000000000000000000,-1.376765340377345659,0.091126858522262044
1.000000000000000000,0.389693779512456873,0.094394140084994166
1.000000000000000000,-0.774479613424448043,-0.301900080280323946
1.000000000000000000,-0.063411086109231157,-0.166579040512456644
1.000000000000000000,-0.523697078353363987,1.219647820786846193
1.000000000000000000,1.642165031926905883,2.000408078376437082
1.000000000000000000,-0.952854220917080830,-1.688639170444758086
1.000000000000000000,0.236777666342171789,-0.976493698544289246
1.000000000000000000,-0.110368542243299547,1.226387045362021810
1.000000000000000000,0.646802901420979515,-0.112549179535097368
1.000000000000000000,0.433514024457416047,-0.699606770429479163
1.000000000000000000,0.555709356337964699,1.537637241035546776
1.000000000000000000,0.068428786429148736,0.254953922401255195
1.000000000000000000,-1.602056213011916919,-3.152342299263167558
1.000000000000000000,2.530993840708987808,2.008935078907396754
1.000000000000000000,-2.178904718650624517,-1.566142190309804949
1.000000000000000000,-1.014396712016514712,1.553384547849153030
1.000000000000000000,-0.376664926134796851,-1.099208793365913817
1.000000000000000000,-0.326442569283039608,-0.539311278233240432
1.000000000000000000,0.099254156108645269,0.156433166568770488
1.000000000000000000,0.077900957348732619,0.129715887544274655
1.000000000000000000,-1.201122914621067128,-0.676938620839721894
1.000000000000000000,-1.034835688105053109,-0.693254134311354520
1.000000000000000000,-1.053813995419505156,-0.664437727500423292
1.000000000000000000,-0.078761436483663183,-0.721860256157526914
1.000000000000000000,-0.231276714970614611,-0.029178811697206181
1.000000000000000000,0.536828649664868429,-0.465233966203558114
1.000000000000000000,-0.516176908765840103,-0.595059258614547337
1.000000000000000000,-1.689179079906246495,-1.586328007110927807
1.000000000000000000,0.217132195494191882,1.621328802000765235
1.000000000000000000,-0.912864854120230551,0.457678853553309506
1.000000000000000000,-1.492745460495128018,-0.620984732658701688
1.000000000000000000,0.057540670596981175,0.193854375358558262
1.000000000000000000,2.117207639979721723,-0.123691990877086974
1.000000000000000000,-0.162642748685251998,-0.041856293818043171
1.000000000000000000,0.605443803097407196,1.806229748941276414
1.000000000000000000,0.302816310530890587,-0.015132002316731010
1.000000000000000000,0.509376638045707653,0.520034990112736129
1.000000000000000000,-0.977785917924842374,-0.604869953701933638
1.000000000000000000,1.550736237638344006,1.812298246211972774
1.000000000000000000,0.835712423348714539,-1.320005008640655841
1.000000000000000000,0.052329249222614997,0.310311627968931802
1.000000000000000000,-0.243377516536869593,-0.206916132493188298
1.000000000000000000,0.977218972741847214,-0.695851304901813461
1.000000000000000000,-1.389986888552365629,-0.850863428787955067
1.000000000000000000,0.355868727245547134,1.076375088753019460
1.000000000000000000,0.182534469027106738,0.605803489803825701
1.000000000000000000,-1.723073492421952624,-1.398264778959144694
1.000000000000000000,-0.893682326457443055,-0.255915163433706572
1.000000000000000000,1.612451071277923642,0.927469594732543756
1.000000000000000000,0.853351404215843101,-0.517327110929973855
1.000000000000000000,-0.594028506426109715,-0.886989623103337510
1.000000000000000000,-1.157108538699687550,-0.400722796522933744
1.000000000000000000,-0.481152461516391627,-0.915779254019656985
1.000000000000000000,0.757769790985556413,0.372634466158817790
1.000000000000000000,0.833602224749144249,0.183028148859772866
1.000000000000000000,-0.147513639705096317,-0.770760895235506616
1.000000000000000000,-3.997368053852815795,-2.101625256349572979
1.000000000000000000,-0.632239799909574907,-1.374127703934102884
1.000000000000000000,1.171819943753605653,-0.259683568771537476
1.000000000000000000,1.038303829764953612,-0.224159896926150487
1.000000000000000000,-0.066321746449023125,-0.966385469141924802
1.000000000000000000,-0.262040180284313973,-0.655116353739968460
1.000000000000000000,-0.871155194382790654,1.652623440904524843
1.000000000000000000,-0.454503170626116004,-0.399288713974362941
1.000000000000000000,-0.339830973515319157,0.591503588235463673
1.000000000000000000,-0.094110288470682521,0.578156453576652463
1.000000000000000000,-0.005033929424127978,0.058544023113471712
1.000000000000000000,0.931201451707272754,0.442579931998603127
1.000000000000000000,0.796725289616275645,2.569724989482352839
1.000000000000000000,0.894492558736177279,1.156695063227187292
1.000000000000000000,-0.752111024580745524,-0.426706754741202565
1.000000000000000000,-0.053587381015229772,-0.736022235051683960
1.000000000000000000,1.252186739273795535,0.056428559644252002
1.000000000000000000,0.103394299820291122,0.560596066729272979
1.000000000000000000,0.583334896982424134,0.253181388017392262
1.000000000000000000,-1.064543862175202582,-1.303562039254952065
1.000000000000000000,0.488544317444154608,0.723386384423048256
1.000000000000000000,-0.160476428241114549,0.105122448427376072
1.000000000000000000,-1.300957177234421946,-1.553201934707651555
1.000000000000000000,-1.704416212869230618,-2.054250069748238428
1.000000000000000000,1.327665204838438529,0.968280989894521826
1.000000000000000000,-0.183032743726686709,0.203787770970738857
1.000000000000000000,-0.527226962582615810,-0.209700992281532023
1.000000000000000000,0.025950780084655390,0.041123610033475297
1.000000000000000000,0.271035330575064293,0.294305029354037517
1.000000000000000000,1.504129447376158391,0.594651359645076538
1.000000000000000000,0.014554435254065391,0.370569634071401366
1.000000000000000000,-0.129116843897431138,0.111426386746702077
1.000000000000000000,0.081789674868033430,0.060679440867524637
1.000000000000000000,0.762108873223733108,-0.890525580205026701
1.000000000000000000,-0.832213374731297417,-0.779085939292910701
1.000000000000000000,0.035594288068750320,0.300995997481047772
1.000000000000000000,0.636994443684548939,0.618964575655326477
1.000000000000000000,1.267050195939933177,0.391628198512087078
1.000000000000000000,-0.478729152272368674,-0.570353967809784868
1.000000000000000000,-0.826517804170331050,-0.497223287340448905
1.000000000000000000,-1.718542348135263964,-1.224754253077296129
1.000000000000000000,1.048475276328023176,0.589324203628737497
1.000000000000000000,0.447438285402653568,-0.266976160675415686
1.000000000000000000,-1.763664617649875144,-0.581777714938195079
1.000000000000000000,-0.104421173089523381,0.191538790666062664
1.000000000000000000,0.100944767648408346,-0.352268435708152472
1.000000000000000000,-1.235065813651498257,-1.946453485534402450
1.000000000000000000,-0.920569253028960199,-1.293152129152253638
1.000000000000000000,-1.322068525559062735,-0.967597886307170807
1.000000000000000000,0.605211426126929686,0.728102938213813000
1.000000000000000000,0.514999211331155116,0.016553450783395159
1.000000000000000000,0.158623744558502949,-0.313239766080771032
1.000000000000000000,1.834530600145197310,1.125469116478579945
1.000000000000000000,-1.790005298850817939,-1.722374118703883239
1.000000000000000000,-0.821970032666798578,0.361284369335616751
1.000000000000000000,-0.439653901185244167,-0.921505419424326955
1.000000000000000000,0.512383460311831351,0.045570209176997924
1.000000000000000000,0.789962651310779473,1.066050342046331423
1.000000000000000000,0.433855495780189560,-0.621091977078742308
1.000000000000000000,-0.078848889667180011,-1.563819819117406196
1.000000000000000000,-0.408249150836708208,0.947082954672228361
1.000000000000000000,1.367816539148116739,2.432954732919316410
1.000000000000000000,2.137452398136624687,1.969032624925647568
1.000000000000000000,0.403620999214127585,1.700081837207628288
1.000000000000000000,-2.316725988882649467,-1.322471260199040266
1.000000000000000000,2.922562900691648480,0.706764905571089508
1.000000000000000000,-0.317859143421682200,-0.978115297554674967
1.000000000000000000,-1.781434138932773248,0.435802760415761992
1.000000000000000000,-0.775974286011245851,0.434379794751916737
1.000000000000000000,-1.521144008128241909,-1.877024244172012857
1.000000000000000000,1.207933413154747893,0.584860957511303625
1.000000000000000000,-0.519597710500773191,-1.980178090589307160
1.000000000000000000,-1.267098823998054513,0.046451936041230678
1.000000000000000000,1.739115780153625446,1.564805930771212772
1.000000000000000000,1.834151013925270801,1.081996265009260938
1.000000000000000000,-0.956008516719905055,-1.079043967445411534
1.000000000000000000,-0.228370758610896313,-0.815421959890524795
1.000000000000000000,0.102720865953349894,-1.209479193874335001
1.000000000000000000,0.234267747045088987,-0.384166724988121433
1.000000000000000000,-0.982284811666607638,-0.173046561230032953
1.000000000000000000,-0.273672301426912623,-0.994319234821736453
1.000000000000000000,0.669474560714167555,-0.728355941729893819
1.000000000000000000,-0.503036020598865652,2.427144573835480212
1.000000000000000000,-0.509167270374299985,-0.285372175229689884
1.000000000000000000,-0.524833096883237982,-1.618077662570979847
1.000000000000000000,-1.500498632918039643,-0.484153601771506015
1.000000000000000000,-0.615847938750593293,0.017875387419508539
1.000000000000000000,0.122294838132884373,0.117864689481738644
1.000000000000000000,0.533319323502044029,0.150064543854279697
1.000000000000000000,1.298428064303400076,0.141044176446491670
1.000000000000000000,-1.207646939546374254,-0.214942567462521106
1.000000000000000000,0.855045482181450156,0.723190499054856328
1.000000000000000000,-1.344968676687029019,-0.162068662251043438
1.000000000000000000,-1.404365097368047266,-0.618963165898202883
1.000000000000000000,-0.395764127528788423,-0.372383325946320676
1.000000000000000000,-0.868519550094248749,-0.832810173739055193
1.000000000000000000,0.454735803506728375,0.256143566179270421
1.000000000000000000,0.792675209341637044,1.127779833047386715
1.000000000000000000,0.738231989104046193,-0.319944162140735733
1.000000000000000000,-0.168298776723828064,0.274419853088177290
1.000000000000000000,-1.320922803759813524,-1.864179696092681526
1.000000000000000000,0.443657137582849026,1.155076899086487252
1.000000000000000000,0.011542739833444020,-0.709422026244985737
1.000000000000000000,0.577360908630663805,-0.725951547967590538
1.000000000000000000,0.887934084306798654,1.407050520555520823
1.000000000000000000,0.620047735900528862,1.134534546720301407
1.000000000000000000,0.731059525255599252,0.745591176128692634
1.000000000000000000,-1.765861984988886579,-1.372092851628198495
1.000000000000000000,-0.134147345616314417,-0.994298239199161049
1.000000000000000000,-0.674475449595186571,-0.349068010691869435
1.000000000000000000,0.387902672697891193,0.325816325563118625
1.000000000000000000,0.754038149380725553,0.677724171206873227
1.000000000000000000,-1.371697332432642691,-0.415550066540031238
1.000000000000000000,-0.534645259819217955,-0.022902718003205640
1.000000000000000000,-1.108691280025740689,-0.067281045322842292
1.000000000000000000,-0.025283378100110256,-0.291786015821836664
1.000000000000000000,-0.732104812450567022,-1.472394101414767675
1.000000000000000000,-0.291815718578367300,0.206927808536478769
1.000000000000000000,-1.059165805656930859,-0.114839074901432150
1.000000000000000000,1.157863530635341975,0.152075083609912703
1.000000000000000000,0.232463879822663200,-0.746558781550227257
1.000000000000000000,-0.206765923964012888,-1.016799699492733300
1.000000000000000000,-0.397178265787348328,-1.507666789782500461
1.000000000000000000,0.953349979616936016,1.739027903235070838
1.000000000000000000,0.070039573728764390,-1.327936254006400141
1.000000000000000000,-0.678912938700473867,0.333203601623729639
1.000000000000000000,-0.439136927182726400,-0.707456515080186921
1.000000000000000000,-0.344307511782424580,1.809797261086931286
1.000000000000000000,-0.128466000331037666,-0.580155438833596437
1.000000000000000000,1.348297204088849899,0.432082645379751773
1.000000000000000000,0.831859044601230724,0.686436197402291337
1.000000000000000000,-1.556431901490779701,-0.603315727368853749
1.000000000000000000,1.159576161971023867,0.217861634055915881
1.000000000000000000,0.704864788868479919,0.891852729653283549
1.000000000000000000,0.695102637826395253,1.280094938711813457
1.000000000000000000,0.292626541202853807,0.307062537953388559
1.000000000000000000,0.874145880278888399,-0.721622920147369507
1.000000000000000000,-1.421929457628980042,-0.620207435242595584
1.000000000000000000,-1.965608575475900732,-3.176620980305428610
1.000000000000000000,0.357455707509634790,-1.049646367740043162
1.000000000000000000,-0.892249207256784138,-1.479611796991133321
1.000000000000000000,-0.083225349019798361,-0.659278498436446481
1.000000000000000000,0.995113052382914032,1.594763643752537652
1.000000000000000000,0.338217620106336769,1.110499228432074270
1.000000000000000000,1.021288001681011304,0.865472802673827757
1.000000000000000000,-1.142601579719096705,0.066203682164434341
1.000000000000000000,0.450628832891561193,-0.558854137371921023
1.000000000000000000,-2.104889350035208828,-2.362407390816068986
1.000000000000000000,1.102436915927505146,-0.934732421251274426
1.000000000000000000,-1.519101980822112896,-0.260058943542863408
1.000000000000000000,1.142816304263952087,0.295133074025289988
1.000000000000000000,-0.737188858701693595,0.935939642538161753
1.000000000000000000,-1.506520925628056951,-0.410848272122933011
1.000000000000000000,-0.059510040230977689,0.555081023337326451
1.000000000000000000,-0.188660503511723060,0.718602335199594378
1.000000000000000000,-0.745221409312499694,-0.745018712219684631
1.000000000000000000,-0.531544435414745053,0.313876995944468384
1.000000000000000000,2.048227866003793807,1.508355491363576384
1.000000000000000000,0.600194060080398106,-0.726422705983054251
1.000000000000000000,0.151938390400312540,-1.289148070814032820
1.000000000000000000,-0.354591069562522343,-2.192961497477754040
1.000000000000000000,-0.305764396631268587,-0.585921640264153054
1.000000000000000000,0.247195935999753258,0.048414904403108090
1.000000000000000000,0.254341421685095603,-1.246965632345251374
1.000000000000000000,-0.760939403742192377,-0.844895437714241804
1.000000000000000000,-0.916372697441208417,0.988203161942721398
1.000000000000000000,0.150865010810626698,0.856855392182078623
1.000000000000000000,-0.664297895014024697,-0.888973543477872608
1.000000000000000000,0.354813350772148373,-0.777988441333885450
1.000000000000000000,-0.860054884098093608,-0.453991224770095902
1.000000000000000000,-0.742953773806507511,0.011443735642627798
1.000000000000000000,-0.253534084425567685,0.907653294964126833
1.000000000000000000,0.800193797674428664,0.572261835276732134
1.000000000000000000,-0.388356530877162376,-0.825902384266215650
1.000000000000000000,0.597795899707112777,-0.275801624651131005
1.000000000000000000,0.638706987862120767,1.365560091884314708
1.000000000000000000,1.091176073337181585,1.579150255656272872
1.000000000000000000,-0.980542576960968360,-0.366661754915637517
1.000000000000000000,-1.369441385924611065,-0.984788941633123804
1.000000000000000000,1.158298448722805629,-1.226616722436112861
1.000000000000000000,0.444090723887460403,-0.393607393395301375
1.000000000000000000,0.661120598338855614,1.060123465219714900
1.000000000000000000,-0.833579513969633923,-0.975522259415001369
1.000000000000000000,-1.643991447581480303,-0.867540639512815903
1.000000000000000000,-0.881936868332912627,-0.195781210482293938
1.000000000000000000,0.835470563914428199,0.128777582258692624
1.000000000000000000,-0.260998817097085389,1.019278777040435457
1.000000000000000000,0.477682448172303598,-1.663297254447524853
1.000000000000000000,0.735253090890489513,0.146459642209687352
1.000000000000000000,1.775414570986649343,0.524094188703290276
1.000000000000000000,-0.662441996018142465,-0.798895727861220650
1.000000000000000000,-0.444360476231681623,-1.642515989493213091
1.000000000000000000,0.281307634651155714,0.522132819725854569
1.000000000000000000,0.404724803212941742,-0.251931493145712504
1.000000000000000000,-1.439412521951045187,-0.646874442923846438
1.000000000000000000,-0.858863344498970949,-1.083417478761724340
1.000000000000000000,-1.822197295568100728,-0.442377031038898916
1.000000000000000000,0.034029136448104937,0.053541067789189552
1.000000000000000000,0.138992416087361237,1.656182669892401593
1.000000000000000000,1.313753871060233447,0.266893172284793978
1.000000000000000000,-1.582380025990601791,-0.484311920207725399
1.000000000000000000,-0.988412175755211453,-1.017275176721107899
1.000000000000000000,0.189184672952671995,0.720227673424084558
1.000000000000000000,0.554950952598588731,0.655534924366300675
1.000000000000000000,0.743046629972897055,-0.262052632634823257
1.000000000000000000,-0.799482836171621414,0.067471710005728491
1.000000000000000000,1.345288809202780378,1.299338349503619705
1.000000000000000000,0.593434907945471157,0.554240280650537653
1.000000000000000000,-0.360499579905785461,0.071710990359398763
1.000000000000000000,-0.438609920041623358,-0.865185860725154576
1.000000000000000000,-0.440270266975688274,-0.195029986235245062
1.000000000000000000,0.303245864567509793,-1.037234685752679519
1.000000000000000000,-0.433340801919942342,-0.568236735508538260
1.000000000000000000,1.535828036939796304,1.133608451454567678
1.000000000000000000,1.044422959880933810,-1.706007604872449068
1.000000000000000000,-0.689566726739846314,0.219728647274317956
1.000000000000000000,-1.083588785973806701,-0.513319977444582909
1.000000000000000000,-1.435345781022083100,-0.350786242421824879
1.000000000000000000,1.929790974668032399,0.836937259447919413
1.000000000000000000,-0.338182401181062020,-1.401776312294248372
1.000000000000000000,-1.673371850549242312,-1.150274843288070503
1.000000000000000000,0.642848030454944985,-0.856584126511820920
1.000000000000000000,1.625043954688396131,0.268461628451522549
1.000000000000000000,0.287627282677873408,0.147802209924017519
1.000000000000000000,0.336880155200595222,0.893746682993275088
1.000000000000000000,-0.065494849345791736,0.147192258398930242
1.000000000000000000,-1.349132580977385309,-1.504252042030100434
1.000000000000000000,2.199228201659679804,0.917669643503135846
1.000000000000000000,-1.033467279912071879,1.086236034190764865
1.000000000000000000,-0.991501145255598848,-0.889935946427344859
1.000000000000000000,-1.860269273300948045,-1.493845911028694795
1.000000000000000000,1.214377139900431501,-0.157449581090487511
1.000000000000000000,-0.025726627732137613,-2.763283716356398134
1.000000000000000000,0.879323491876929819,-0.479033026899525427
1.000000000000000000,-0.684889609128436549,-0.689506175313973180
1.000000000000000000,-0.505851233004335654,-1.073555102186591226
1.000000000000000000,-0.234936267248572805,-0.719538206252244406
1.000000000000000000,-1.525836738077297916,0.376844837663697196
1.000000000000000000,1.343277042835544055,1.492296989410597297
1.000000000000000000,-1.142539077872344322,-0.951202897699515049
1.000000000000000000,-0.322646331722555135,-0.740245242669612780
1.000000000000000000,-1.240489063875444442,-1.553184250652679177
1.000000000000000000,-0.353605931759062464,0.377146053055936958
1.000000000000000000,-1.328274262310434439,0.533913471445418564
1.000000000000000000,-0.925874833065258418,-1.342138777906622726
1.000000000000000000,-1.466524651228868770,-0.545165754943026215
1.000000000000000000,-1.181208083563567657,-1.349302987405731624
1.000000000000000000,0.413558581316438523,-0.025350021067494042
1.000000000000000000,-1.324361952479744753,0.409534672879704076
1.000000000000000000,-0.722822503893512436,-1.514869732841602090
1.000000000000000000,-2.209800257281009817,-1.009300664548869797
1.000000000000000000,1.238750423806423084,-0.744656477740940348
1.000000000000000000,-0.418634945186123819,-0.561888565576458276
1.000000000000000000,1.085771442873584292,1.824355715973160486
1.000000000000000000,-1.799327737479810896,-0.248089890130386237
1.000000000000000000,-0.325367470855315477,-0.391447850648076745
1.000000000000000000,-0.513639501598921688,-0.931749935933465556
1.000000000000000000,-0.308109632310127113,-0.501167930327584998
1.000000000000000000,-0.220877320994311760,1.401703431329396343
1.000000000000000000,0.021674709407630010,-0.373635081647362977
1.000000000000000000,0.089616943372143182,1.240008468069732750
1.000000000000000000,0.402574827427332527,-0.859595534526429450
1.000000000000000000,0.002819541308026491,1.477296057658892492
1.000000000000000000,-0.039710875228327489,0.022146120726871839
1.000000000000000000,0.271921034938124639,0.693341386156481998
1.000000000000000000,-0.886930647774207936,-0.579354964218450008
1.000000000000000000,-0.105253257636090586,-1.127210149368353509
1.000000000000000000,-0.396423281648529802,0.234703294123313561
1.000000000000000000,0.751972855929567863,-0.107349010373234244
1.000000000000000000,-0.837557150751002233,-0.019321727675328814
1.000000000000000000,-0.653109828249989421,0.482987674129871480
1.000000000000000000,-0.795962658239096399,-1.518553715005142912
1.000000000000000000,-2.230755547576114939,-2.015629118756931071
1.000000000000000000,0.166243282112079838,1.921400633647160072
1.000000000000000000,-1.381318558949852449,-1.765134509820313502
1.000000000000000000,0.597304235333792399,-0.421642129631106588
