,passed_class,hours_spent_studying_daily
0,0,6
1,0,7
2,0,2
3,1,1
4,0,0
5,1,0
6,0,0
7,1,4
8,0,0
9,0,5
10,1,6
11,1,9
12,0,9
13,1,1
14,1,5
15,1,3
16,1,9
17,1,3
18,0,0
19,1,5
20,1,4
21,0,8
22,0,1
23,1,9
24,0,9
25,1,3
26,1,8
27,1,6
28,0,0
29,0,4
30,0,6
31,0,6
32,1,3
33,1,9
34,0,9
35,1,6
36,0,9
37,1,4
38,0,5
39,0,3
40,1,3
41,0,9
42,0,5
43,1,3
44,0,2
45,1,7
46,0,7
47,0,9
48,0,4
49,0,0
50,1,8
51,0,8
52,0,9
53,1,8
54,1,5
55,1,0
56,1,7
57,0,2
58,0,8
59,0,4
60,1,7
61,1,8
62,0,6
63,1,8
64,0,2
65,1,6
66,0,2
67,0,4
68,1,0
69,1,1
70,1,7
71,0,3
72,1,7
73,1,5
74,0,6
75,1,3
76,0,7
77,0,4
78,1,6
79,1,0
80,1,4
81,1,6
82,1,9
83,1,5
84,0,7
85,0,1
86,0,0
87,0,8
88,1,8
89,0,3
90,0,6
91,1,7
92,1,7
93,1,3
94,1,0
95,1,9
96,1,4
97,0,0
98,0,2
99,1,5
100,1,1
101,1,5
102,1,5
103,0,8
104,0,4
105,0,3
106,1,3
107,1,9
108,1,8
109,0,6
110,1,5
111,1,9
112,0,4
113,1,3
114,0,6
115,1,2
116,0,6
117,0,2
118,0,7
119,0,9
120,1,0
121,1,9
122,1,2
123,0,9
124,1,9
125,1,6
126,1,2
127,0,3
128,0,9
129,1,7
130,1,1
131,1,8
132,1,3
133,0,9
134,0,0
135,0,1
136,0,2
137,1,2
138,0,2
139,0,7
140,0,4
141,0,1
142,1,2
143,1,5
144,0,9
145,0,2
146,1,9
147,0,2
148,1,5
149,1,8
150,1,8
151,1,6
152,1,8
153,0,7
154,1,7
155,0,1
156,0,4
157,0,7
158,1,1
159,1,9
160,1,2
161,1,1
162,1,3
163,0,5
164,0,8
165,1,3
166,1,0
167,0,1
168,1,3
169,1,3
170,1,0
171,0,1
172,0,1
173,1,2
174,1,3
175,1,2
176,1,6
177,1,0
178,1,1
179,1,1
180,0,5
181,0,2
182,1,1
183,1,5
184,0,3
185,0,3
186,0,2
187,1,9
188,1,4
189,0,8
190,1,5
191,1,3
192,1,5
193,1,6
194,0,7
195,1,0
196,0,8
197,1,6
198,1,6
199,0,8
200,1,5
201,1,2
202,0,2
203,1,4
204,1,2
205,0,3
206,0,3
207,0,2
208,0,0
209,0,9
210,1,2
211,1,1
212,1,2
213,1,0
214,0,7
215,1,3
216,1,1
217,1,6
218,1,6
219,1,7
220,0,2
221,1,2
222,0,5
223,0,6
224,1,2
225,0,0
226,0,5
227,1,8
228,0,3
229,1,5
230,0,1
231,0,9
232,1,0
233,0,7
234,1,5
235,0,5
236,1,6
237,0,0
238,0,8
239,1,8
240,0,5
241,0,7
242,0,9
243,0,1
244,1,6
245,1,1
246,1,7
247,0,9
248,0,3
249,0,8
250,0,5
251,0,6
252,1,9
253,0,0
254,1,5
255,1,2
256,1,6
257,1,4
258,0,7
259,0,2
260,0,6
261,0,9
262,0,2
263,0,6
264,0,6
265,0,4
266,1,0
267,0,5
268,0,8
269,1,0
270,1,0
271,0,2
272,1,4
273,1,4
274,1,6
275,1,2
276,0,8
277,0,1
278,0,5
279,0,5
280,1,2
281,0,9
282,0,6
283,1,1
284,1,1
285,1,4
286,1,6
287,1,2
288,0,2
289,1,6
290,1,0
291,0,7
292,0,8
293,1,1
294,0,2
295,0,9
296,0,8
297,1,2
298,0,4
299,1,3
300,0,7
301,1,2
302,0,0
303,1,0
304,0,5
305,0,1
306,1,3
307,0,4
308,0,7
309,0,0
310,0,4
311,0,7
312,0,9
313,1,6
314,0,3
315,1,1
316,0,3
317,0,2
318,1,9
319,0,9
320,1,1
321,0,1
322,0,8
323,0,7
324,0,4
325,0,4
326,1,9
327,0,5
328,1,1
329,0,7
330,1,7
331,0,3
332,0,3
333,0,1
334,1,8
335,0,9
336,1,7
337,0,0
338,1,3
339,0,1
340,1,1
341,1,4
342,0,4
343,0,6
344,0,5
345,0,8
346,0,0
347,0,7
348,0,5
349,1,9
350,0,8
351,0,3
352,1,9
353,0,8
354,1,1
355,0,8
356,1,9
357,0,0
358,0,9
359,0,0
360,0,4
361,1,1
362,0,6
363,0,5
364,0,2
365,1,4
366,0,7
367,0,1
368,1,2
369,1,3
370,1,3
371,0,4
372,0,0
373,0,7
374,1,6
375,1,3
376,0,2
377,1,9
378,1,5
379,0,1
380,1,0
381,1,2
382,1,7
383,0,2
384,0,0
385,0,4
386,0,4
387,1,2
388,1,4
389,1,8
390,1,3
391,0,3
392,1,7
393,0,0
394,0,6
395,0,9
396,1,4
397,1,8
398,0,5
399,1,5
400,0,1
401,1,5
402,1,6
403,0,3
404,1,1
405,1,3
406,1,4
407,0,8
408,0,0
409,1,0
410,0,7
411,0,5
412,1,3
413,0,2
414,0,9
415,1,5
416,0,5
417,1,7
418,1,8
419,0,3
420,0,0
421,1,4
422,1,0
423,0,9
424,1,0
425,1,8
426,1,3
427,1,5
428,1,2
429,1,5
430,0,1
431,1,7
432,0,4
433,1,9
434,0,4
435,0,1
436,0,8
437,1,5
438,1,1
439,1,1
440,0,3
441,1,0
442,1,4
443,1,9
444,1,8
445,0,3
446,1,3
447,0,9
448,0,4
449,1,0
450,1,3
451,0,5
452,1,1
453,0,6
454,0,6
455,0,4
456,0,7
457,0,6
458,1,6
459,0,0
460,0,1
461,0,0
462,1,7
463,1,0
464,1,8
465,1,4
466,0,3
467,1,5
468,0,4
469,0,1
470,0,9
471,1,2
472,0,2
473,0,4
474,1,3
475,0,0
476,0,7
477,1,3
478,1,1
479,1,9
480,0,2
481,1,9
482,1,5
483,1,6
484,0,0
485,1,5
486,1,1
487,0,2
488,1,1
489,0,7
490,0,3
491,0,0
492,1,1
493,0,2
494,0,1
495,0,7
496,0,1
497,1,4
498,1,2
499,1,0
500,0,3
501,0,0
502,1,2
503,1,7
504,1,9
505,1,9
506,1,0
507,1,8
508,1,8
509,0,8
510,1,2
511,1,7
512,0,1
513,1,1
514,1,2
515,0,3
516,0,9
517,0,4
518,1,3
519,1,8
520,0,6
521,0,9
522,1,5
523,0,3
524,0,7
525,1,0
526,1,5
527,1,6
528,0,9
529,1,0
530,0,4
531,0,5
532,0,6
533,0,1
534,1,8
535,0,7
536,0,0
537,1,8
538,0,4
539,1,4
540,0,4
541,1,9
542,1,7
543,1,8
544,0,3
545,0,8
546,0,1
547,0,3
548,0,5
549,0,5
550,0,1
551,1,7
552,1,9
553,1,3
554,1,2
555,0,9
556,1,0
557,0,2
558,0,1
559,1,6
560,0,5
561,1,1
562,0,9
563,1,7
564,1,6
565,0,5
566,1,3
567,1,1
568,1,2
569,0,8
570,1,1
571,0,6
572,0,8
573,0,1
574,1,6
575,1,7
576,0,1
577,1,3
578,1,3
579,1,0
580,1,7
581,0,8
582,0,9
583,1,4
584,1,7
585,0,0
586,0,9
587,0,8
588,0,0
589,0,3
590,1,5
591,0,8
592,0,6
593,1,2
594,0,7
595,1,4
596,0,4
597,0,8
598,0,4
599,0,8
600,1,6
601,1,5
602,0,0
603,1,6
604,1,5
605,1,8
606,1,8
607,1,0
608,1,1
609,0,1
610,0,6
611,0,3
612,0,4
613,1,3
614,0,4
615,1,6
616,0,5
617,0,7
618,1,2
619,1,1
620,1,5
621,1,1
622,0,6
623,1,2
624,1,4
625,1,3
626,0,1
627,1,6
628,1,9
629,0,5
630,0,4
631,1,5
632,1,2
633,0,5
634,1,9
635,1,7
636,0,0
637,0,3
638,1,3
639,1,9
640,1,7
641,0,8
642,0,3
643,1,4
644,1,6
645,1,3
646,1,4
647,0,0
648,1,3
649,0,6
650,1,7
651,0,5
652,1,8
653,0,7
654,1,8
655,0,8
656,0,5
657,0,3
658,0,1
659,0,9
660,1,4
661,1,6
662,0,2
663,0,5
664,0,5
665,1,3
666,1,9
667,1,4
668,0,8
669,1,5
670,0,6
671,1,3
672,1,5
673,0,2
674,0,2
675,1,6
676,0,5
677,0,9
678,1,3
679,0,5
680,0,1
681,1,3
682,0,7
683,0,1
684,0,5
685,1,6
686,0,4
687,0,0
688,1,1
689,1,5
690,1,8
691,1,4
692,1,9
693,0,7
694,1,0
695,0,8
696,0,5
697,0,1
698,1,5
699,0,3
700,0,3
701,0,1
702,1,8
703,1,6
704,1,8
705,1,6
706,1,3
707,1,6
708,1,4
709,1,1
710,1,6
711,1,7
712,1,3
713,1,2
714,0,9
715,1,4
716,1,6
717,0,3
718,1,7
719,1,3
720,0,8
721,0,1
722,1,7
723,0,7
724,1,5
725,0,5
726,1,9
727,0,3
728,1,9
729,0,1
730,1,2
731,1,3
732,0,3
733,0,6
734,0,4
735,1,4
736,1,1
737,1,3
738,1,1
739,0,5
740,0,4
741,0,9
742,1,1
743,0,6
744,0,5
745,1,1
746,1,4
747,1,6
748,0,2
749,0,9
750,1,7
751,0,3
752,0,4
753,0,4
754,0,7
755,0,3
756,0,2
757,0,6
758,0,4
759,0,2
760,1,6
761,1,7
762,0,9
763,1,2
764,1,1
765,1,0
766,0,1
767,0,4
768,1,2
769,0,0
770,1,5
771,0,5
772,0,8
773,0,2
774,0,9
775,0,8
776,0,7
777,0,6
778,1,8
779,0,7
780,0,0
781,1,5
782,0,4
783,1,2
784,1,2
785,0,5
786,0,0
787,0,8
788,1,8
789,0,2
790,1,7
791,0,1
792,0,8
793,1,0
794,0,4
795,0,3
796,0,1
797,0,5
798,1,4
799,0,7
800,0,5
801,1,9
802,1,4
803,0,7
804,1,8
805,1,5
806,0,0
807,0,0
808,1,0
809,0,8
810,0,0
811,0,4
812,0,3
813,1,8
814,1,1
815,1,2
816,1,8
817,0,5
818,0,4
819,0,9
820,0,5
821,0,4
822,1,8
823,0,7
824,1,6
825,1,3
826,0,1
827,1,7
828,1,2
829,1,5
830,0,4
831,0,0
832,0,4
833,0,6
834,0,9
835,0,2
836,0,9
837,1,5
838,0,9
839,1,7
840,0,6
841,1,9
842,1,7
843,0,2
844,0,9
845,0,9
846,0,6
847,1,8
848,0,4
849,1,7
850,0,3
851,0,2
852,0,3
853,1,4
854,1,0
855,0,1
856,1,3
857,1,3
858,1,6
859,1,7
860,0,3
861,0,5
862,0,3
863,0,5
864,1,3
865,0,2
866,0,4
867,1,6
868,0,6
869,1,8
870,1,5
871,0,8
872,1,2
873,1,8
874,0,1
875,1,2
876,1,4
877,0,5
878,0,4
879,1,2
880,1,0
881,0,9
882,1,5
883,1,6
884,0,8
885,0,3
886,1,0
887,1,0
888,1,5
889,0,4
890,0,8
891,1,3
892,1,3
893,0,7
894,0,4
895,1,4
896,0,7
897,1,3
898,0,0
899,1,9
900,0,0
901,0,7
902,0,3
903,1,2
904,1,6
905,1,6
906,0,8
907,1,9
908,1,1
909,1,0
910,0,5
911,0,4
912,1,5
913,1,1
914,1,4
915,1,4
916,0,0
917,0,6
918,1,5
919,1,6
920,0,2
921,1,0
922,1,5
923,0,9
924,0,5
925,1,0
926,1,3
927,1,6
928,1,0
929,1,4
930,0,0
931,0,9
932,1,4
933,0,8
934,1,4
935,1,6
936,1,4
937,0,9
938,1,9
939,1,5
940,1,2
941,0,9
942,0,7
943,0,3
944,1,4
945,0,4
946,0,7
947,0,9
948,1,1
949,0,3
950,1,2
951,1,5
952,0,8
953,0,3
954,1,8
955,1,8
956,0,7
957,0,0
958,0,2
959,0,8
960,1,0
961,0,2
962,0,5
963,0,4
964,1,6
965,1,4
966,0,2
967,0,8
968,1,0
969,0,0
970,0,3
971,0,1
972,1,9
973,1,9
974,0,0
975,1,8
976,0,2
977,0,8
978,0,2
979,0,3
980,0,2
981,0,0
982,0,8
983,1,6
984,0,3
985,1,3
986,0,9
987,0,8
988,1,6
989,1,3
990,1,9
991,1,6
992,1,2
993,0,1
994,0,4
995,1,2
996,1,3
997,1,2
998,1,6
999,1,5
1000,1,6
1001,1,4
1002,1,8
1003,1,9
1004,1,8
1005,1,4
1006,1,7
1007,1,3
1008,0,6
1009,1,1
1010,0,0
1011,0,8
1012,1,2
1013,1,0
1014,1,5
1015,1,3
1016,1,2
1017,0,0
1018,0,7
1019,0,8
1020,0,9
1021,0,5
1022,1,0
1023,0,6
1024,1,6
1025,0,8
1026,0,1
1027,1,9
1028,1,1
1029,0,9
1030,0,0
1031,0,2
1032,1,7
1033,0,2
1034,1,2
1035,1,4
1036,0,3
1037,0,8
1038,1,3
1039,1,8
1040,0,2
1041,1,0
1042,1,6
1043,1,3
1044,1,6
1045,0,7
1046,1,6
1047,0,0
1048,1,1
1049,1,7
1050,0,0
1051,1,1
1052,0,1
1053,0,1
1054,0,8
1055,1,8
1056,1,4
1057,0,8
1058,0,8
1059,0,0
1060,1,6
1061,0,9
1062,0,8
1063,0,6
1064,0,8
1065,0,0
1066,0,7
1067,1,1
1068,1,0
1069,1,5
1070,0,8
1071,1,7
1072,1,7
1073,0,9
1074,0,0
1075,1,4
1076,0,3
1077,0,1
1078,0,7
1079,0,6
1080,1,5
1081,0,5
1082,1,4
1083,1,5
1084,1,2
1085,1,8
1086,1,2
1087,1,8
1088,0,7
1089,1,3
1090,1,9
1091,1,0
1092,1,9
1093,1,2
1094,0,1
1095,0,8
1096,1,1
1097,1,9
1098,1,9
1099,1,4
1100,0,1
1101,1,0
1102,0,7
1103,0,0
1104,1,1
1105,1,8
1106,0,2
1107,1,9
1108,1,5
1109,1,2
1110,1,1
1111,0,7
1112,0,7
1113,0,3
1114,0,8
1115,0,5
1116,1,3
1117,0,1
1118,1,7
1119,0,4
1120,1,0
1121,0,1
1122,1,3
1123,1,2
1124,0,8
1125,1,8
1126,1,8
1127,1,5
1128,0,6
1129,0,1
1130,0,9
1131,1,1
1132,1,4
1133,0,6
1134,0,7
1135,0,1
1136,0,0
1137,0,8
1138,1,2
1139,1,1
1140,1,5
1141,1,0
1142,1,9
1143,0,1
1144,1,8
1145,1,1
1146,0,1
1147,0,3
1148,0,8
1149,0,8
1150,0,3
1151,1,9
1152,1,6
1153,1,5
1154,0,7
1155,1,9
1156,0,5
1157,0,1
1158,1,7
1159,0,6
1160,0,3
1161,1,0
1162,0,1
1163,0,8
1164,0,8
1165,1,7
1166,1,1
1167,1,3
1168,0,0
1169,0,2
1170,0,6
1171,0,6
1172,0,2
1173,0,3
1174,0,8
1175,0,9
1176,0,0
1177,0,6
1178,0,2
1179,1,3
1180,0,8
1181,0,6
1182,1,5
1183,0,9
1184,0,9
1185,0,8
1186,1,5
1187,0,8
1188,1,4
1189,1,6
1190,0,5
1191,1,4
1192,1,9
1193,0,3
1194,0,6
1195,1,2
1196,1,8
1197,0,1
1198,0,4
1199,0,1
1200,0,3
1201,0,5
1202,0,5
1203,1,4
1204,1,3
1205,1,6
1206,0,3
1207,0,5
1208,1,7
1209,0,1
1210,0,5
1211,1,8
1212,1,0
1213,1,3
1214,1,3
1215,0,1
1216,1,1
1217,1,5
1218,0,3
1219,1,6
1220,0,9
1221,0,7
1222,1,9
1223,1,2
1224,1,0
1225,1,2
1226,1,9
1227,1,0
1228,0,1
1229,0,3
1230,0,8
1231,1,1
1232,0,2
1233,1,5
1234,0,7
1235,0,4
1236,1,7
1237,0,4
1238,1,8
1239,1,5
1240,1,9
1241,0,6
1242,0,3
1243,0,6
1244,1,0
1245,1,0
1246,0,3
1247,1,7
1248,0,0
1249,1,7
1250,0,9
1251,1,2
1252,1,6
1253,0,5
1254,0,5
1255,0,8
1256,1,1
1257,0,1
1258,0,0
1259,1,2
1260,0,6
1261,0,0
1262,0,4
1263,1,0
1264,0,0
1265,1,9
1266,0,0
1267,0,1
1268,1,7
1269,0,6
1270,0,0
1271,1,4
1272,0,5
1273,0,0
1274,1,3
1275,1,4
1276,1,8
1277,1,0
1278,0,4
1279,1,5
1280,1,7
1281,0,2
1282,1,6
1283,1,4
1284,0,2
1285,1,9
1286,1,8
1287,1,4
1288,0,9
1289,1,9
1290,0,0
1291,1,8
1292,0,9
1293,1,4
1294,1,2
1295,1,4
1296,1,8
1297,0,8
1298,0,3
1299,1,0
1300,1,2
1301,1,8
1302,1,3
1303,1,6
1304,0,1
1305,1,5
1306,1,8
1307,0,2
1308,0,2
1309,0,7
1310,1,3
1311,1,5
1312,0,8
1313,0,0
1314,1,6
1315,1,4
1316,1,3
1317,0,0
1318,0,1
1319,1,6
1320,1,9
1321,1,7
1322,0,4
1323,0,1
1324,0,0
1325,1,3
1326,0,3
1327,0,3
1328,0,5
1329,0,0
1330,0,3
1331,1,8
1332,1,1
1333,0,2
1334,1,0
1335,0,3
1336,0,5
1337,1,5
1338,0,5
1339,0,8
1340,1,0
1341,1,3
1342,1,9
1343,0,7
1344,0,2
1345,0,7
1346,0,0
1347,0,4
1348,1,8
1349,0,5
1350,0,5
1351,1,7
1352,0,7
1353,1,4
1354,0,5
1355,1,3
1356,1,9
1357,0,4
1358,1,5
1359,1,8
1360,1,1
1361,1,7
1362,0,1
1363,0,0
1364,0,6
1365,1,7
1366,0,6
1367,0,8
1368,1,5
1369,0,6
1370,0,5
1371,0,2
1372,0,0
1373,1,9
1374,0,3
1375,1,6
1376,0,8
1377,0,9
1378,0,7
1379,1,2
1380,1,1
1381,1,7
1382,0,0
1383,0,2
1384,0,6
1385,1,3
1386,0,2
1387,1,3
1388,0,3
1389,1,8
1390,1,6
1391,1,9
1392,0,3
1393,1,8
1394,1,3
1395,0,7
1396,0,4
1397,0,2
1398,0,7
1399,0,2
1400,1,4
1401,1,1
1402,1,9
1403,0,7
1404,1,8
1405,0,8
1406,1,4
1407,1,1
1408,1,6
1409,1,6
1410,0,3
1411,0,1
1412,1,7
1413,1,3
1414,0,7
1415,1,7
1416,1,8
1417,0,8
1418,0,6
1419,1,4
1420,0,9
1421,0,0
1422,0,3
1423,0,1
1424,1,7
1425,0,5
1426,1,2
1427,0,0
1428,0,3
1429,0,3
1430,0,8
1431,0,8
1432,1,5
1433,0,9
1434,1,4
1435,0,8
1436,0,0
1437,1,6
1438,1,6
1439,1,1
1440,1,6
1441,1,9
1442,1,2
1443,0,9
1444,1,1
1445,0,4
1446,1,3
1447,0,9
1448,1,2
1449,1,7
1450,1,1
1451,0,0
1452,0,3
1453,0,1
1454,1,6
1455,0,1
1456,0,1
1457,0,5
1458,1,5
1459,0,4
1460,0,9
1461,1,0
1462,1,4
1463,1,5
1464,0,7
1465,1,7
1466,0,6
1467,1,0
1468,1,1
1469,1,0
1470,0,8
1471,1,6
1472,1,3
1473,1,6
1474,0,4
1475,0,2
1476,1,9
1477,0,6
1478,1,0
1479,1,6
1480,1,2
1481,1,1
1482,1,3
1483,0,0
1484,1,5
1485,0,6
1486,1,3
1487,0,7
1488,1,8
1489,1,2
1490,0,8
1491,1,1
1492,0,5
1493,0,7
1494,0,7
1495,0,0
1496,1,6
1497,0,2
1498,1,8
1499,1,9
1500,0,5
1501,1,5
1502,1,6
1503,0,1
1504,0,2
1505,0,6
1506,0,1
1507,1,5
1508,0,8
1509,0,4
1510,0,9
1511,0,2
1512,1,7
1513,0,0
1514,0,9
1515,1,0
1516,1,1
1517,0,7
1518,1,4
1519,0,9
1520,0,4
1521,0,0
1522,0,3
1523,1,5
1524,1,0
1525,0,8
1526,0,4
1527,1,4
1528,1,7
1529,1,9
1530,1,9
1531,1,8
1532,0,7
1533,1,5
1534,1,7
1535,1,9
1536,0,3
1537,0,0
1538,1,2
1539,0,3
1540,0,4
1541,0,1
1542,0,6
1543,0,9
1544,1,6
1545,1,4
1546,0,6
1547,0,2
1548,0,1
1549,0,4
1550,1,9
1551,1,2
1552,1,0
1553,1,6
1554,1,1
1555,0,0
1556,0,7
1557,0,2
1558,0,4
1559,0,5
1560,1,9
1561,1,1
1562,1,8
1563,0,3
1564,1,4
1565,0,8
1566,0,6
1567,1,7
1568,0,5
1569,0,2
1570,0,5
1571,1,4
1572,1,9
1573,0,9
1574,0,2
1575,0,9
1576,0,7
1577,1,0
1578,0,6
1579,1,9
1580,0,6
1581,0,3
1582,0,0
1583,1,8
1584,0,1
1585,1,2
1586,1,5
1587,0,9
1588,1,1
1589,1,8
1590,0,2
1591,1,1
1592,1,7
1593,0,8
1594,1,0
1595,0,2
1596,0,4
1597,1,0
1598,1,4
1599,0,8
1600,1,4
1601,0,4
1602,0,4
1603,0,8
1604,1,7
1605,0,3
1606,1,7
1607,1,9
1608,1,0
1609,1,4
1610,0,5
1611,1,8
1612,1,6
1613,1,7
1614,0,3
1615,1,0
1616,0,3
1617,0,9
1618,1,9
1619,1,5
1620,1,0
1621,0,7
1622,1,1
1623,1,6
1624,1,8
1625,0,2
1626,1,2
1627,1,9
1628,1,5
1629,1,0
1630,1,5
1631,1,7
1632,0,2
1633,0,8
1634,0,8
1635,0,4
1636,1,5
1637,0,0
1638,0,2
1639,0,3
1640,0,5
1641,0,3
1642,1,6
1643,1,4
1644,0,3
1645,1,7
1646,0,5
1647,1,9
1648,1,1
1649,1,2
1650,1,2
1651,1,8
1652,1,8
1653,1,9
1654,1,1
1655,0,6
1656,1,8
1657,1,6
1658,0,1
1659,0,7
1660,0,4
1661,0,3
1662,1,5
1663,1,5
1664,0,0
1665,0,7
1666,1,0
1667,0,0
1668,1,1
1669,0,8
1670,1,1
1671,1,1
1672,0,5
1673,1,2
1674,0,5
1675,0,0
1676,0,5
1677,0,6
1678,0,4
1679,1,3
1680,0,9
1681,0,9
1682,1,1
1683,0,4
1684,1,9
1685,0,5
1686,1,9
1687,1,0
1688,0,9
1689,1,9
1690,0,5
1691,1,3
1692,0,9
1693,0,9
1694,0,7
1695,0,6
1696,1,6
1697,0,2
1698,0,3
1699,0,1
1700,0,7
1701,1,1
1702,1,6
1703,1,6
1704,1,4
1705,0,6
1706,1,3
1707,1,7
1708,1,5
1709,0,0
1710,1,0
1711,1,1
1712,0,3
1713,1,6
1714,1,5
1715,1,2
1716,1,6
1717,0,1
1718,0,1
1719,0,2
1720,1,6
1721,0,4
1722,1,8
1723,1,1
1724,1,7
1725,0,4
1726,0,9
1727,1,0
1728,0,9
1729,1,9
1730,0,3
1731,0,6
1732,0,3
1733,0,9
1734,1,4
1735,1,8
1736,1,3
1737,0,9
1738,1,3
1739,0,6
1740,1,2
1741,0,7
1742,1,8
1743,0,0
1744,0,1
1745,0,8
1746,1,6
1747,1,3
1748,1,6
1749,1,9
1750,0,1
1751,0,2
1752,0,7
1753,1,0
1754,0,7
1755,0,9
1756,0,2
1757,0,6
1758,0,1
1759,0,9
1760,1,9
1761,1,2
1762,0,7
1763,1,6
1764,1,7
1765,0,5
1766,1,0
1767,0,7
1768,1,1
1769,0,4
1770,1,3
1771,1,9
1772,1,9
1773,0,4
1774,0,1
1775,0,5
1776,0,3
1777,0,7
1778,1,6
1779,1,5
1780,1,4
1781,1,6
1782,0,5
1783,1,3
1784,0,6
1785,1,6
1786,1,8
1787,0,2
1788,1,4
1789,0,6
1790,1,0
1791,0,4
1792,0,4
1793,1,4
1794,0,9
1795,0,2
1796,1,5
1797,0,3
1798,1,9
1799,1,5
1800,0,4
1801,0,4
1802,0,9
1803,1,1
1804,1,8
1805,1,4
1806,1,6
1807,0,9
1808,1,8
1809,0,3
1810,0,8
1811,1,0
1812,1,2
1813,0,4
1814,1,4
1815,1,5
1816,1,7
1817,1,9
1818,0,2
1819,1,7
1820,0,5
1821,1,0
1822,0,6
1823,0,8
1824,1,0
1825,1,6
1826,0,2
1827,1,8
1828,0,5
1829,0,4
1830,0,1
1831,0,4
1832,0,6
1833,1,0
1834,0,1
1835,0,4
1836,1,8
1837,0,6
1838,1,6
1839,1,5
1840,1,2
1841,0,0
1842,1,4
1843,0,3
1844,0,0
1845,1,9
1846,0,4
1847,0,2
1848,0,4
1849,1,4
1850,1,2
1851,1,0
1852,1,4
1853,0,5
1854,1,9
1855,1,4
1856,0,7
1857,1,2
1858,1,5
1859,1,4
1860,0,2
1861,1,3
1862,1,8
1863,1,3
1864,1,9
1865,0,4
1866,1,5
1867,1,7
1868,1,8
1869,0,2
1870,1,1
1871,1,6
1872,1,5
1873,1,2
1874,0,0
1875,0,5
1876,1,8
1877,0,6
1878,0,5
1879,1,5
1880,0,2
1881,1,0
1882,0,5
1883,1,3
1884,1,5
1885,0,0
1886,1,8
1887,0,2
1888,1,7
1889,0,0
1890,0,7
1891,0,8
1892,1,5
1893,0,3
1894,0,5
1895,1,7
1896,0,6
1897,0,0
1898,1,8
1899,1,3
1900,0,0
1901,1,7
1902,0,6
1903,0,1
1904,1,2
1905,0,9
1906,0,4
1907,1,0
1908,1,7
1909,1,1
1910,0,9
1911,0,4
1912,0,1
1913,1,5
1914,0,7
1915,1,5
1916,0,9
1917,1,5
1918,1,3
1919,1,2
1920,0,2
1921,0,4
1922,0,0
1923,0,7
1924,0,1
1925,1,0
1926,1,6
1927,1,6
1928,1,9
1929,0,6
1930,1,4
1931,1,4
1932,1,7
1933,0,9
1934,1,6
1935,0,7
1936,1,1
1937,0,8
1938,0,0
1939,0,2
1940,1,6
1941,1,1
1942,0,7
1943,1,0
1944,1,3
1945,0,0
1946,1,2
1947,0,7
1948,0,7
1949,0,5
1950,1,0
1951,0,8
1952,1,1
1953,1,2
1954,0,3
1955,1,4
1956,0,8
1957,1,8
1958,1,0
1959,1,2
1960,0,2
1961,0,2
1962,0,8
1963,1,1
1964,0,0
1965,1,1
1966,1,3
1967,0,1
1968,1,4
1969,1,4
1970,0,0
1971,0,7
1972,0,1
1973,1,5
1974,0,9
1975,1,6
1976,0,8
1977,1,2
1978,0,9
1979,0,5
1980,1,4
1981,1,6
1982,0,2
1983,0,2
1984,1,5
1985,0,7
1986,1,0
1987,1,5
1988,1,2
1989,0,0
1990,1,8
1991,0,0
1992,0,5
1993,0,0
1994,1,1
1995,0,0
1996,1,1
1997,0,3
1998,1,6
1999,1,8
2000,1,9
2001,1,8
2002,0,6
2003,0,0
2004,0,6
2005,0,4
2006,0,8
2007,0,0
2008,1,5
2009,0,3
2010,0,2
2011,0,5
2012,1,2
2013,0,3
2014,0,8
2015,1,5
2016,0,9
2017,0,9
2018,1,8
2019,0,8
2020,0,3
2021,0,6
2022,1,9
2023,0,4
2024,0,5
2025,0,9
2026,1,4
2027,1,6
2028,0,3
2029,1,8
2030,0,0
2031,0,1
2032,1,2
2033,1,2
2034,1,0
2035,1,9
2036,1,6
2037,0,8
2038,0,0
2039,0,3
2040,1,2
2041,0,7
2042,0,7
2043,1,4
2044,0,5
2045,1,5
2046,1,8
2047,0,7
2048,0,5
2049,1,3
2050,1,6
2051,0,6
2052,1,3
2053,0,5
2054,0,9
2055,1,7
2056,0,8
2057,0,9
2058,1,7
2059,0,1
2060,0,2
2061,1,5
2062,0,1
2063,1,8
2064,1,9
2065,0,8
2066,1,4
2067,0,1
2068,1,7
2069,1,4
2070,1,6
2071,0,8
2072,0,0
2073,1,4
2074,0,1
2075,1,1
2076,1,7
2077,1,2
2078,1,4
2079,0,7
2080,1,9
2081,0,2
2082,1,3
2083,0,2
2084,0,1
2085,1,9
2086,0,0
2087,0,5
2088,0,2
2089,0,8
2090,1,2
2091,1,8
2092,0,3
2093,0,8
2094,1,1
2095,1,9
2096,0,8
2097,1,7
2098,0,7
2099,1,5
2100,0,2
2101,0,9
2102,1,7
2103,0,5
2104,1,8
2105,0,4
2106,1,2
2107,0,0
2108,0,5
2109,0,9
2110,0,1
2111,0,5
2112,1,9
2113,1,0
2114,1,5
2115,0,9
2116,1,3
2117,0,5
2118,1,2
2119,1,3
2120,1,1
2121,1,2
2122,1,8
2123,0,0
2124,0,1
2125,1,4
2126,0,1
2127,0,6
2128,0,8
2129,1,4
2130,0,4
2131,1,1
2132,0,0
2133,0,3
2134,0,9
2135,0,8
2136,1,8
2137,1,6
2138,1,5
2139,1,5
2140,0,9
2141,1,9
2142,0,1
2143,1,8
2144,0,4
2145,1,2
2146,1,4
2147,0,8
2148,1,9
2149,0,8
2150,1,9
2151,1,6
2152,1,8
2153,0,0
2154,1,4
2155,0,1
2156,1,2
2157,0,4
2158,0,0
2159,0,3
2160,0,8
2161,0,2
2162,0,9
2163,1,2
2164,0,3
2165,1,7
2166,0,7
2167,1,9
2168,0,4
2169,1,3
2170,1,6
2171,0,7
2172,0,2
2173,1,5
2174,0,2
2175,0,0
2176,0,4
2177,0,8
2178,0,5
2179,0,1
2180,0,2
2181,0,8
2182,1,5
2183,0,1
2184,0,2
2185,1,8
2186,1,6
2187,1,2
2188,0,7
2189,1,1
2190,0,0
2191,1,1
2192,1,3
2193,0,6
2194,1,1
2195,0,5
2196,1,9
2197,0,9
2198,1,7
2199,0,3
2200,1,8
2201,1,5
2202,1,5
2203,1,7
2204,1,9
2205,0,8
2206,0,7
2207,0,4
2208,0,1
2209,1,1
2210,1,5
2211,1,9
2212,1,1
2213,0,8
2214,0,2
2215,1,9
2216,1,2
2217,1,3
2218,1,8
2219,1,9
2220,1,1
2221,1,3
2222,0,0
2223,0,1
2224,1,8
2225,0,7
2226,1,4
2227,0,6
2228,0,2
2229,0,6
2230,0,6
2231,0,4
2232,0,5
2233,1,2
2234,1,7
2235,1,1
2236,1,7
2237,1,5
2238,0,2
2239,1,5
2240,1,0
2241,1,1
2242,1,4
2243,1,8
2244,1,7
2245,1,4
2246,0,9
2247,0,6
2248,1,5
2249,0,2
2250,0,5
2251,1,8
2252,0,2
2253,1,7
2254,0,2
2255,1,7
2256,0,0
2257,0,8
2258,1,4
2259,1,5
2260,0,7
2261,0,3
2262,0,0
2263,0,8
2264,0,7
2265,1,8
2266,0,3
2267,0,4
2268,0,2
2269,0,7
2270,1,2
2271,1,2
2272,1,0
2273,1,7
2274,0,6
2275,1,4
2276,0,1
2277,0,6
2278,0,0
2279,0,3
2280,0,9
2281,1,7
2282,0,1
2283,1,8
2284,1,0
2285,1,0
2286,0,0
2287,0,6
2288,1,9
2289,0,5
2290,1,5
2291,0,8
2292,0,8
2293,1,6
2294,1,2
2295,0,3
2296,0,6
2297,1,5
2298,0,8
2299,1,7
2300,1,9
2301,1,3
2302,1,6
2303,1,5
2304,0,8
2305,1,6
2306,1,3
2307,0,6
2308,1,7
2309,1,8
2310,1,2
2311,0,1
2312,0,7
2313,1,3
2314,0,9
2315,0,1
2316,0,5
2317,1,5
2318,1,8
2319,1,1
2320,1,2
2321,1,3
2322,1,3
2323,0,8
2324,1,6
2325,1,6
2326,0,1
2327,0,9
2328,1,9
2329,0,4
2330,0,2
2331,1,1
2332,0,9
2333,1,8
2334,0,2
2335,1,4
2336,0,4
2337,0,6
2338,1,0
2339,1,2
2340,0,2
2341,1,7
2342,0,4
2343,1,6
2344,1,9
2345,0,2
2346,1,3
2347,0,3
2348,1,9
2349,1,1
2350,1,9
2351,0,8
2352,0,1
2353,0,7
2354,1,8
2355,1,7
2356,0,7
2357,1,3
2358,1,7
2359,1,3
2360,0,5
2361,1,7
2362,1,9
2363,0,0
2364,1,3
2365,0,9
2366,0,4
2367,0,8
2368,0,8
2369,1,7
2370,1,0
2371,0,7
2372,0,8
2373,1,3
2374,0,5
2375,0,3
2376,1,5
2377,0,3
2378,0,6
2379,0,5
2380,0,2
2381,0,3
2382,1,7
2383,0,4
2384,1,9
2385,0,3
2386,1,1
2387,0,2
2388,0,4
2389,1,6
2390,0,9
2391,0,2
2392,1,1
2393,1,3
2394,1,8
2395,1,5
2396,0,3
2397,0,8
2398,1,0
2399,0,1
2400,1,0
2401,1,8
2402,1,5
2403,1,9
2404,0,1
2405,0,3
2406,0,5
2407,1,6
2408,0,6
2409,1,1
2410,0,1
2411,1,2
2412,1,3
2413,1,1
2414,0,9
2415,1,7
2416,0,6
2417,1,9
2418,1,2
2419,1,8
2420,1,5
2421,0,7
2422,0,3
2423,1,9
2424,1,5
2425,1,2
2426,1,6
2427,0,4
2428,0,0
2429,1,9
2430,1,4
2431,0,6
2432,1,9
2433,1,0
2434,1,6
2435,0,2
2436,1,5
2437,1,0
2438,0,4
2439,1,3
2440,1,7
2441,1,9
2442,0,2
2443,0,0
2444,1,6
2445,1,8
2446,1,4
2447,1,5
2448,1,2
2449,1,9
2450,0,8
2451,1,0
2452,1,9
2453,1,5
2454,1,3
2455,0,8
2456,1,2
2457,0,8
2458,1,2
2459,1,3
2460,1,4
2461,0,3
2462,0,0
2463,0,6
2464,0,0
2465,1,2
2466,1,5
2467,1,9
2468,1,0
2469,0,1
2470,1,6
2471,1,6
2472,0,1
2473,0,6
2474,1,9
2475,1,7
2476,1,2
2477,1,4
2478,1,7
2479,0,6
2480,0,8
2481,0,9
2482,1,0
2483,0,8
2484,1,6
2485,0,4
2486,1,2
2487,0,7
2488,0,7
2489,0,4
2490,1,0
2491,1,2
2492,1,8
2493,0,9
2494,1,4
2495,1,5
2496,0,2
2497,1,1
2498,1,3
2499,1,5
2500,0,0
2501,0,3
2502,1,4
2503,1,4
2504,0,8
2505,1,0
2506,1,3
2507,0,8
2508,0,2
2509,0,7
2510,0,6
2511,0,6
2512,0,8
2513,1,2
2514,1,2
2515,0,3
2516,0,9
2517,0,6
2518,0,8
2519,0,1
2520,1,2
2521,0,0
2522,0,3
2523,1,1
2524,1,4
2525,0,8
2526,1,6
2527,0,3
2528,0,2
2529,1,2
2530,1,6
2531,1,5
2532,1,9
2533,1,5
2534,0,3
2535,0,7
2536,0,7
2537,1,5
2538,1,7
2539,0,8
2540,0,5
2541,1,5
2542,0,4
2543,0,3
2544,1,3
2545,1,7
2546,1,1
2547,0,0
2548,1,9
2549,0,8
2550,0,7
2551,0,2
2552,1,5
2553,1,1
2554,1,1
2555,1,3
2556,0,7
2557,1,2
2558,1,3
2559,0,9
2560,1,6
2561,0,9
2562,0,7
2563,1,2
2564,1,6
2565,1,0
2566,1,5
2567,1,5
2568,0,3
2569,0,3
2570,1,8
2571,1,4
2572,0,8
2573,1,9
2574,1,8
2575,0,7
2576,1,2
2577,1,6
2578,1,9
2579,1,8
2580,0,3
2581,0,8
2582,0,0
2583,0,0
2584,1,7
2585,1,6
2586,1,4
2587,0,1
2588,0,3
2589,0,9
2590,0,5
2591,0,8
2592,1,5
2593,0,8
2594,0,1
2595,0,3
2596,1,5
2597,1,7
2598,1,6
2599,0,2
2600,1,4
2601,0,5
2602,1,8
2603,0,4
2604,0,1
2605,0,1
2606,1,5
2607,1,6
2608,0,9
2609,1,7
2610,0,4
2611,0,6
2612,1,9
2613,0,7
2614,0,9
2615,0,5
2616,0,5
2617,1,8
2618,0,3
2619,1,9
2620,0,8
2621,1,7
2622,1,8
2623,1,4
2624,1,5
2625,0,5
2626,1,9
2627,0,7
2628,0,8
2629,0,9
2630,1,6
2631,0,0
2632,1,9
2633,1,9
2634,0,4
2635,1,7
2636,0,9
2637,1,1
2638,0,8
2639,0,8
2640,0,0
2641,0,4
2642,1,0
2643,0,0
2644,1,0
2645,1,4
2646,0,8
2647,0,6
2648,0,9
2649,1,4
2650,0,8
2651,1,8
2652,0,2
2653,0,6
2654,0,6
2655,0,3
2656,0,5
2657,1,6
2658,1,2
2659,1,7
2660,0,1
2661,0,9
2662,0,8
2663,0,1
2664,1,2
2665,1,8
2666,0,0
2667,1,4
2668,0,7
2669,1,5
2670,0,8
2671,1,8
2672,1,5
2673,0,7
2674,0,6
2675,1,5
2676,1,8
2677,1,3
2678,0,7
2679,1,9
2680,1,4
2681,1,0
2682,1,0
2683,1,0
2684,1,1
2685,1,8
2686,1,7
2687,1,6
2688,1,4
2689,0,6
2690,0,7
2691,1,6
2692,0,3
2693,0,9
2694,0,9
2695,1,9
2696,1,7
2697,0,2
2698,0,0
2699,0,5
2700,1,3
2701,0,1
2702,1,9
2703,0,9
2704,0,1
2705,0,5
2706,0,4
2707,1,9
2708,0,3
2709,1,9
2710,1,1
2711,1,9
2712,1,6
2713,0,0
2714,1,9
2715,0,1
2716,1,5
2717,0,6
2718,0,4
2719,1,1
2720,1,1
2721,0,0
2722,1,6
2723,1,0
2724,1,9
2725,0,9
2726,1,6
2727,0,2
2728,0,6
2729,1,7
2730,1,3
2731,0,9
2732,1,8
2733,0,9
2734,0,0
2735,0,2
2736,1,1
2737,1,1
2738,0,3
2739,1,3
2740,1,3
2741,1,9
2742,1,8
2743,1,8
2744,1,6
2745,1,7
2746,1,3
2747,0,2
2748,0,2
2749,1,9
2750,1,4
2751,0,8
2752,0,1
2753,0,4
2754,0,0
2755,1,7
2756,0,8
2757,0,9
2758,0,8
2759,0,7
2760,0,9
2761,0,8
2762,0,0
2763,1,2
2764,0,7
2765,1,6
2766,1,4
2767,1,6
2768,0,2
2769,0,4
2770,1,4
2771,1,9
2772,0,8
2773,0,8
2774,0,2
2775,1,2
2776,1,6
2777,1,7
2778,0,9
2779,1,0
2780,1,7
2781,0,3
2782,0,4
2783,1,8
2784,0,9
2785,0,3
2786,0,1
2787,1,8
2788,0,8
2789,0,6
2790,0,3
2791,0,1
2792,0,9
2793,0,3
2794,0,6
2795,1,4
2796,0,7
2797,1,6
2798,0,7
2799,0,8
2800,0,6
2801,1,5
2802,0,4
2803,0,2
2804,1,9
2805,1,3
2806,1,7
2807,1,6
2808,0,0
2809,0,9
2810,0,3
2811,0,2
2812,0,2
2813,1,9
2814,1,6
2815,0,9
2816,1,0
2817,1,5
2818,0,7
2819,1,5
2820,0,6
2821,1,6
2822,1,9
2823,1,2
2824,1,8
2825,1,7
2826,0,0
2827,1,8
2828,0,8
2829,1,6
2830,0,3
2831,1,0
2832,1,6
2833,0,5
2834,1,6
2835,1,4
2836,1,0
2837,0,7
2838,1,3
2839,0,8
2840,0,8
2841,0,0
2842,1,2
2843,1,3
2844,1,0
2845,0,2
2846,1,4
2847,0,7
2848,0,3
2849,1,9
2850,0,6
2851,0,1
2852,1,0
2853,1,1
2854,1,0
2855,0,6
2856,1,3
2857,0,7
2858,1,9
2859,1,0
2860,0,7
2861,0,1
2862,0,9
2863,0,3
2864,0,2
2865,1,2
2866,0,0
2867,1,9
2868,1,3
2869,0,8
2870,1,0
2871,1,4
2872,1,9
2873,1,7
2874,1,0
2875,1,9
2876,0,8
2877,1,2
2878,0,1
2879,1,4
2880,0,2
2881,0,1
2882,0,5
2883,1,0
2884,0,8
2885,0,7
2886,0,9
2887,1,7
2888,1,0
2889,1,5
2890,1,2
2891,1,2
2892,1,8
2893,1,1
2894,0,0
2895,1,1
2896,0,6
2897,0,2
2898,1,3
2899,1,5
2900,0,2
2901,0,1
2902,0,9
2903,0,7
2904,1,6
2905,0,1
2906,0,3
2907,1,9
2908,1,7
2909,0,0
2910,1,9
2911,0,5
2912,0,1
2913,1,6
2914,1,1
2915,0,0
2916,0,2
2917,1,9
2918,0,6
2919,1,6
2920,1,6
2921,1,5
2922,1,2
2923,0,2
2924,0,2
2925,0,1
2926,0,0
2927,1,6
2928,0,9
2929,0,6
2930,1,2
2931,0,1
2932,1,1
2933,0,7
2934,1,9
2935,1,9
2936,1,7
2937,1,8
2938,0,3
2939,0,2
2940,1,9
2941,0,0
2942,0,7
2943,0,1
2944,0,2
2945,1,5
2946,1,0
2947,1,4
2948,0,3
2949,0,1
2950,0,6
2951,0,9
2952,1,7
2953,0,9
2954,1,4
2955,1,0
2956,1,6
2957,0,4
2958,0,1
2959,0,5
2960,0,8
2961,0,5
2962,1,7
2963,1,7
2964,1,2
2965,0,7
2966,1,7
2967,0,8
2968,1,8
2969,1,1
2970,0,4
2971,1,4
2972,1,5
2973,0,5
2974,1,1
2975,0,6
2976,0,9
2977,1,5
2978,0,6
2979,0,6
2980,0,6
2981,1,8
2982,0,0
2983,1,6
2984,1,2
2985,1,8
2986,0,0
2987,0,5
2988,1,5
2989,1,3
2990,1,3
2991,1,0
2992,0,4
2993,0,0
2994,0,4
2995,1,5
2996,1,7
2997,1,7
2998,0,4
2999,0,1
3000,1,1
3001,0,5
3002,1,1
3003,0,1
3004,1,2
3005,1,8
3006,0,7
3007,1,9
3008,1,5
3009,1,7
3010,0,1
3011,0,8
3012,0,3
3013,0,1
3014,0,6
3015,0,0
3016,0,9
3017,1,8
3018,0,6
3019,1,5
3020,0,8
3021,1,5
3022,1,2
3023,1,9
3024,1,7
3025,0,2
3026,1,6
3027,0,1
3028,0,7
3029,0,0
3030,0,9
3031,0,6
3032,0,3
3033,1,9
3034,1,8
3035,0,9
3036,1,6
3037,0,4
3038,1,4
3039,1,1
3040,0,4
3041,0,4
3042,1,3
3043,0,1
3044,1,0
3045,0,7
3046,1,1
3047,0,7
3048,1,5
3049,0,0
3050,1,0
3051,1,6
3052,1,3
3053,0,3
3054,0,0
3055,1,2
3056,1,3
3057,0,3
3058,1,1
3059,0,2
3060,1,9
3061,1,2
3062,0,0
3063,1,2
3064,0,5
3065,0,1
3066,0,6
3067,1,4
3068,1,2
3069,0,0
3070,1,6
3071,0,3
3072,0,7
3073,1,8
3074,0,0
3075,1,1
3076,1,0
3077,0,2
3078,1,3
3079,0,4
3080,1,5
3081,0,3
3082,1,4
3083,0,4
3084,1,1
3085,0,8
3086,1,3
3087,1,9
3088,0,0
3089,0,9
3090,1,5
3091,1,1
3092,0,8
3093,1,0
3094,1,0
3095,1,8
3096,0,3
3097,1,0
3098,0,1
3099,0,9
3100,0,3
3101,0,9
3102,0,7
3103,0,6
3104,0,3
3105,0,5
3106,1,4
3107,1,8
3108,0,7
3109,1,8
3110,0,4
3111,1,2
3112,0,1
3113,1,7
3114,1,4
3115,1,0
3116,0,9
3117,0,2
3118,0,7
3119,0,9
3120,0,0
3121,1,8
3122,1,7
3123,1,3
3124,0,2
3125,0,0
3126,1,2
3127,1,4
3128,0,5
3129,1,7
3130,1,6
3131,1,3
3132,0,2
3133,1,0
3134,1,0
3135,0,2
3136,1,5
3137,1,0
3138,1,6
3139,0,3
3140,0,5
3141,0,6
3142,0,1
3143,0,3
3144,1,7
3145,1,1
3146,1,7
3147,1,7
3148,1,4
3149,0,5
3150,1,1
3151,0,0
3152,1,9
3153,1,6
3154,0,5
3155,1,0
3156,0,2
3157,1,1
3158,0,6
3159,1,9
3160,0,4
3161,0,3
3162,0,8
3163,1,6
3164,0,5
3165,0,6
3166,1,2
3167,1,2
3168,1,8
3169,1,6
3170,0,6
3171,1,3
3172,0,8
3173,0,2
3174,1,0
3175,1,7
3176,0,1
3177,1,0
3178,1,2
3179,0,6
3180,1,7
3181,0,4
3182,1,4
3183,1,4
3184,1,9
3185,0,7
3186,0,1
3187,0,9
3188,0,0
3189,1,2
3190,0,8
3191,0,3
3192,0,1
3193,1,0
3194,1,1
3195,1,3
3196,1,0
3197,1,0
3198,1,2
3199,0,3
3200,1,0
3201,1,7
3202,1,4
3203,0,5
3204,1,0
3205,1,0
3206,0,3
3207,1,2
3208,1,8
3209,0,2
3210,1,9
3211,0,1
3212,0,0
3213,1,6
3214,0,3
3215,1,3
3216,0,5
3217,0,7
3218,0,9
3219,1,5
3220,1,6
3221,0,4
3222,1,5
3223,0,8
3224,0,3
3225,1,7
3226,1,1
3227,0,1
3228,0,8
3229,0,0
3230,0,5
3231,0,5
3232,1,9
3233,0,2
3234,0,4
3235,0,0
3236,1,1
3237,0,6
3238,0,8
3239,0,1
3240,1,9
3241,0,2
3242,1,2
3243,0,7
3244,1,5
3245,1,8
3246,1,3
3247,0,9
3248,0,3
3249,0,0
3250,0,8
3251,1,4
3252,1,9
3253,0,2
3254,1,1
3255,0,6
3256,0,0
3257,0,6
3258,1,4
3259,0,0
3260,0,5
3261,1,8
3262,1,5
3263,0,9
3264,1,1
3265,1,5
3266,0,6
3267,0,7
3268,1,7
3269,1,3
3270,0,1
3271,1,2
3272,1,5
3273,1,3
3274,0,4
3275,0,9
3276,1,1
3277,1,9
3278,0,3
3279,0,6
3280,1,6
3281,0,0
3282,0,5
3283,0,1
3284,0,4
3285,1,8
3286,0,4
3287,0,5
3288,0,2
3289,1,4
3290,1,5
3291,0,5
3292,0,1
3293,0,2
3294,1,2
3295,0,2
3296,1,8
3297,0,0
3298,0,1
3299,0,2
3300,0,5
3301,0,9
3302,1,9
3303,0,6
3304,1,5
3305,1,6
3306,1,9
3307,1,9
3308,1,2
3309,0,9
3310,1,6
3311,1,4
3312,0,9
3313,0,1
3314,1,8
3315,0,9
3316,0,2
3317,0,7
3318,0,2
3319,1,2
3320,1,6
3321,0,2
3322,0,7
3323,0,7
3324,0,2
3325,1,9
3326,0,9
3327,1,5
3328,1,5
3329,0,1
3330,1,1
3331,0,3
3332,1,5
3333,1,4
3334,0,1
3335,1,5
3336,0,2
3337,1,8
3338,1,8
3339,1,4
3340,1,0
3341,1,4
3342,1,3
3343,0,8
3344,1,6
3345,0,6
3346,0,1
3347,0,2
3348,0,7
3349,0,6
3350,0,0
3351,1,7
3352,1,0
3353,1,3
3354,1,7
3355,1,9
3356,0,2
3357,0,7
3358,1,1
3359,1,6
3360,1,1
3361,1,9
3362,1,9
3363,0,9
3364,1,6
3365,1,6
3366,0,9
3367,0,8
3368,0,0
3369,1,4
3370,0,9
3371,0,6
3372,1,2
3373,0,0
3374,1,0
3375,1,2
3376,0,8
3377,0,5
3378,0,5
3379,1,8
3380,0,1
3381,0,9
3382,1,1
3383,0,0
3384,0,8
3385,0,0
3386,1,1
3387,1,1
3388,0,3
3389,1,0
3390,1,4
3391,0,0
3392,0,3
3393,0,2
3394,1,6
3395,0,9
3396,0,3
3397,0,4
3398,1,9
3399,0,7
3400,0,2
3401,0,6
3402,1,8
3403,0,1
3404,0,0
3405,1,8
3406,0,1
3407,0,8
3408,1,3
3409,0,7
3410,0,3
3411,0,8
3412,0,8
3413,0,3
3414,1,1
3415,1,5
3416,0,9
3417,1,4
3418,0,6
3419,1,8
3420,1,1
3421,0,5
3422,1,1
3423,0,4
3424,1,2
3425,1,2
3426,0,8
3427,1,0
3428,0,4
3429,0,4
3430,0,8
3431,0,8
3432,0,9
3433,1,8
3434,1,6
3435,1,8
3436,0,4
3437,1,0
3438,1,1
3439,1,1
3440,1,4
3441,0,8
3442,0,6
3443,0,9
3444,0,8
3445,1,5
3446,1,5
3447,1,9
3448,1,9
3449,0,8
3450,1,7
3451,1,1
3452,1,6
3453,1,4
3454,0,0
3455,1,7
3456,0,4
3457,0,6
3458,1,3
3459,1,8
3460,1,8
3461,0,9
3462,1,6
3463,0,5
3464,0,7
3465,1,3
3466,1,4
3467,1,4
3468,1,2
3469,0,7
3470,0,7
3471,1,1
3472,1,8
3473,0,0
3474,1,5
3475,0,7
3476,1,7
3477,1,2
3478,1,5
3479,1,6
3480,0,9
3481,1,3
3482,0,9
3483,1,4
3484,0,3
3485,1,5
3486,1,3
3487,0,8
3488,1,7
3489,0,1
3490,1,2
3491,0,6
3492,0,9
3493,0,5
3494,0,8
3495,0,7
3496,1,3
3497,0,2
3498,0,9
3499,0,8
3500,1,5
3501,1,2
3502,0,5
3503,0,1
3504,1,1
3505,1,2
3506,1,5
3507,1,8
3508,0,9
3509,1,2
3510,0,8
3511,0,4
3512,0,1
3513,1,9
3514,0,2
3515,0,6
3516,1,6
3517,0,0
3518,0,0
3519,0,6
3520,0,3
3521,1,9
3522,1,4
3523,0,7
3524,0,6
3525,0,4
3526,1,7
3527,1,7
3528,1,5
3529,1,8
3530,1,7
3531,0,3
3532,0,6
3533,1,2
3534,0,5
3535,0,9
3536,1,9
3537,0,2
3538,0,0
3539,1,1
3540,1,0
3541,1,2
3542,0,9
3543,1,8
3544,1,1
3545,0,7
3546,1,7
3547,1,1
3548,1,6
3549,1,2
3550,0,6
3551,1,2
3552,1,3
3553,0,2
3554,1,6
3555,1,6
3556,0,8
3557,1,9
3558,1,5
3559,1,5
3560,1,4
3561,0,2
3562,0,1
3563,1,3
3564,0,0
3565,0,0
3566,0,5
3567,0,1
3568,0,1
3569,0,7
3570,1,1
3571,0,3
3572,0,0
3573,1,3
3574,0,6
3575,1,7
3576,1,3
3577,1,3
3578,0,1
3579,1,8
3580,1,0
3581,1,3
3582,1,7
3583,1,7
3584,1,7
3585,1,6
3586,0,3
3587,0,1
3588,0,2
3589,0,9
3590,0,8
3591,1,5
3592,0,7
3593,0,2
3594,1,7
3595,1,1
3596,1,0
3597,1,1
3598,1,3
3599,0,6
3600,1,4
3601,0,6
3602,0,8
3603,1,3
3604,0,5
3605,0,2
3606,1,0
3607,1,5
3608,0,4
3609,0,7
3610,1,5
3611,0,2
3612,1,8
3613,1,9
3614,1,5
3615,1,1
3616,0,6
3617,0,5
3618,0,1
3619,1,4
3620,0,8
3621,1,8
3622,0,3
3623,1,1
3624,1,7
3625,0,9
3626,1,4
3627,1,5
3628,0,3
3629,0,3
3630,0,3
3631,1,2
3632,0,4
3633,1,1
3634,1,1
3635,1,5
3636,0,7
3637,0,2
3638,0,7
3639,0,2
3640,1,4
3641,1,7
3642,1,7
3643,1,2
3644,0,0
3645,1,0
3646,1,3
3647,1,1
3648,0,9
3649,0,5
3650,0,0
3651,1,4
3652,0,4
3653,0,4
3654,1,2
3655,1,4
3656,1,7
3657,1,7
3658,1,2
3659,1,2
3660,0,0
3661,1,2
3662,1,7
3663,0,8
3664,1,2
3665,1,1
3666,0,9
3667,0,2
3668,0,8
3669,1,3
3670,0,3
3671,0,5
3672,0,7
3673,1,6
3674,1,8
3675,0,6
3676,1,7
3677,1,3
3678,1,7
3679,0,5
3680,1,2
3681,0,0
3682,0,8
3683,0,3
3684,0,0
3685,1,6
3686,1,3
3687,1,0
3688,0,6
3689,0,4
3690,1,6
3691,0,3
3692,0,3
3693,1,3
3694,0,9
3695,1,4
3696,1,2
3697,0,5
3698,1,2
3699,0,6
3700,0,7
3701,1,4
3702,1,8
3703,0,7
3704,0,2
3705,0,5
3706,0,1
3707,0,8
3708,1,9
3709,0,7
3710,0,4
3711,0,0
3712,0,6
3713,1,7
3714,0,1
3715,1,8
3716,1,7
3717,0,4
3718,1,6
3719,0,5
3720,1,0
3721,1,4
3722,1,0
3723,0,1
3724,1,4
3725,0,6
3726,1,1
3727,0,9
3728,0,2
3729,1,3
3730,1,6
3731,1,5
3732,1,6
3733,0,6
3734,1,5
3735,1,4
3736,0,1
3737,0,7
3738,1,8
3739,0,3
3740,0,2
3741,0,2
3742,1,0
3743,1,0
3744,1,1
3745,0,8
3746,1,5
3747,0,7
3748,1,8
3749,1,1
3750,1,1
3751,0,7
3752,1,8
3753,1,2
3754,0,8
3755,1,8
3756,1,8
3757,0,2
3758,1,0
3759,1,9
3760,0,5
3761,0,6
3762,1,0
3763,1,4
3764,0,6
3765,0,2
3766,0,1
3767,1,3
3768,1,0
3769,1,6
3770,0,9
3771,1,7
3772,1,5
3773,0,6
3774,1,6
3775,1,4
3776,1,8
3777,1,2
3778,0,7
3779,0,5
3780,1,3
3781,0,3
3782,0,9
3783,1,7
3784,0,3
3785,0,8
3786,0,6
3787,0,8
3788,1,8
3789,0,0
3790,1,9
3791,1,8
3792,1,9
3793,1,4
3794,0,8
3795,1,6
3796,1,6
3797,1,6
3798,1,3
3799,0,2
3800,1,5
3801,0,2
3802,1,8
3803,0,5
3804,1,1
3805,1,3
3806,1,7
3807,1,8
3808,1,6
3809,1,4
3810,1,2
3811,1,4
3812,1,3
3813,1,7
3814,0,1
3815,0,8
3816,0,1
3817,1,9
3818,0,0
3819,1,9
3820,1,8
3821,1,8
3822,0,8
3823,1,9
3824,1,9
3825,0,3
3826,1,4
3827,0,0
3828,1,5
3829,0,1
3830,1,1
3831,1,6
3832,1,2
3833,0,3
3834,1,9
3835,1,0
3836,1,0
3837,1,8
3838,0,5
3839,0,6
3840,1,9
3841,0,7
3842,0,4
3843,1,8
3844,1,9
3845,1,5
3846,1,2
3847,0,8
3848,0,0
3849,0,8
3850,1,5
3851,1,2
3852,1,3
3853,1,2
3854,1,4
3855,1,4
3856,1,1
3857,1,2
3858,0,5
3859,1,7
3860,0,4
3861,0,2
3862,1,0
3863,0,3
3864,0,9
3865,1,2
3866,0,1
3867,1,5
3868,1,8
3869,0,4
3870,1,2
3871,0,3
3872,0,8
3873,0,9
3874,1,7
3875,1,3
3876,1,8
3877,1,6
3878,1,5
3879,0,1
3880,0,3
3881,1,0
3882,1,6
3883,0,3
3884,0,5
3885,1,4
3886,0,9
3887,0,2
3888,0,3
3889,1,6
3890,0,4
3891,0,6
3892,0,2
3893,1,2
3894,1,8
3895,1,6
3896,0,9
3897,1,0
3898,0,5
3899,1,1
3900,0,5
3901,1,2
3902,1,4
3903,0,9
3904,1,4
3905,1,3
3906,0,1
3907,1,3
3908,0,4
3909,0,4
3910,1,2
3911,0,5
3912,0,7
3913,0,1
3914,1,4
3915,1,0
3916,0,2
3917,0,7
3918,1,1
3919,1,8
3920,1,2
3921,1,6
3922,1,5
3923,1,0
3924,1,0
3925,0,0
3926,1,8
3927,0,0
3928,1,6
3929,1,5
3930,1,2
3931,0,1
3932,1,6
3933,0,5
3934,1,6
3935,1,9
3936,0,7
3937,0,4
3938,1,3
3939,1,0
3940,1,3
3941,1,5
3942,1,2
3943,0,7
3944,0,0
3945,0,3
3946,0,8
3947,0,1
3948,0,3
3949,0,3
3950,1,7
3951,0,8
3952,1,8
3953,0,9
3954,1,2
3955,0,1
3956,1,1
3957,1,7
3958,1,3
3959,1,9
3960,1,0
3961,1,8
3962,0,6
3963,0,0
3964,1,7
3965,1,5
3966,1,0
3967,0,1
3968,0,1
3969,1,1
3970,0,6
3971,1,9
3972,0,9
3973,1,7
3974,0,3
3975,1,9
3976,0,9
3977,0,8
3978,0,6
3979,1,6
3980,0,9
3981,0,9
3982,1,8
3983,1,3
3984,0,0
3985,1,3
3986,1,7
3987,1,8
3988,1,3
3989,0,6
3990,1,6
3991,1,4
3992,0,6
3993,0,8
3994,1,7
3995,1,4
3996,1,2
3997,1,5
3998,0,0
3999,1,6
4000,0,0
4001,0,1
4002,1,1
4003,0,7
4004,1,3
4005,1,7
4006,1,2
4007,0,8
4008,0,0
4009,0,9
4010,1,5
4011,0,0
4012,1,5
4013,0,4
4014,1,2
4015,1,5
4016,0,5
4017,1,0
4018,1,9
4019,1,6
4020,1,8
4021,1,9
4022,0,0
4023,0,4
4024,0,3
4025,1,3
4026,0,0
4027,1,2
4028,1,5
4029,0,4
4030,1,9
4031,0,4
4032,1,3
4033,1,9
4034,0,2
4035,1,8
4036,1,6
4037,1,6
4038,1,8
4039,1,1
4040,0,1
4041,1,5
4042,1,3
4043,0,7
4044,0,5
4045,0,4
4046,0,7
4047,0,3
4048,0,7
4049,1,8
4050,1,1
4051,1,0
4052,1,8
4053,1,8
4054,1,0
4055,0,9
4056,0,2
4057,1,0
4058,1,9
4059,0,3
4060,1,8
4061,1,2
4062,1,3
4063,0,3
4064,1,5
4065,0,0
4066,0,1
4067,0,8
4068,1,5
4069,1,3
4070,0,3
4071,0,0
4072,1,4
4073,1,3
4074,1,6
4075,0,7
4076,1,4
4077,1,0
4078,0,4
4079,0,1
4080,1,5
4081,1,1
4082,1,5
4083,0,4
4084,1,2
4085,0,7
4086,0,8
4087,0,5
4088,1,7
4089,1,1
4090,0,9
4091,0,2
4092,1,1
4093,0,7
4094,1,8
4095,1,9
4096,1,3
4097,1,2
4098,1,9
4099,0,5
4100,1,5
4101,0,4
4102,0,4
4103,0,8
4104,0,4
4105,1,6
4106,1,5
4107,1,8
4108,0,4
4109,0,1
4110,1,1
4111,0,8
4112,1,5
4113,1,6
4114,0,1
4115,0,8
4116,0,7
4117,1,9
4118,1,6
4119,0,7
4120,1,9
4121,0,3
4122,1,1
4123,0,6
4124,1,6
4125,1,8
4126,1,1
4127,1,3
4128,0,6
4129,0,8
4130,0,6
4131,0,0
4132,0,9
4133,1,6
4134,0,0
4135,0,3
4136,0,0
4137,0,4
4138,1,8
4139,1,8
4140,1,3
4141,0,8
4142,0,7
4143,1,4
4144,1,8
4145,0,8
4146,0,9
4147,1,6
4148,1,8
4149,0,3
4150,1,6
4151,0,4
4152,1,5
4153,0,4
4154,1,5
4155,1,9
4156,1,5
4157,0,8
4158,1,5
4159,0,9
4160,1,3
4161,1,5
4162,0,9
4163,1,8
4164,1,3
4165,1,1
4166,1,5
4167,0,8
4168,1,6
4169,1,1
4170,0,2
4171,0,2
4172,0,9
4173,0,3
4174,0,1
4175,1,5
4176,0,4
4177,0,9
4178,1,6
4179,0,9
4180,0,1
4181,1,9
4182,0,4
4183,1,9
4184,0,2
4185,0,6
4186,0,1
4187,0,2
4188,1,5
4189,1,0
4190,0,6
4191,0,1
4192,1,1
4193,1,6
4194,1,4
4195,0,5
4196,0,0
4197,0,9
4198,1,6
4199,0,9
4200,0,5
4201,1,0
4202,0,0
4203,0,5
4204,0,4
4205,0,1
4206,1,2
4207,1,2
4208,1,6
4209,1,7
4210,1,4
4211,1,0
4212,0,5
4213,1,2
4214,0,4
4215,1,2
4216,0,7
4217,1,8
4218,0,7
4219,0,7
4220,1,9
4221,0,3
4222,0,0
4223,1,7
4224,0,1
4225,0,7
4226,0,7
4227,0,0
4228,0,3
4229,0,6
4230,0,6
4231,1,4
4232,0,5
4233,1,3
4234,1,8
4235,1,5
4236,1,1
4237,0,0
4238,0,9
4239,1,7
4240,0,7
4241,0,1
4242,1,1
4243,0,0
4244,0,5
4245,1,1
4246,0,7
4247,0,8
4248,1,7
4249,0,0
4250,0,5
4251,0,7
4252,0,1
4253,0,3
4254,0,7
4255,0,4
4256,1,6
4257,0,6
4258,0,2
4259,0,7
4260,0,7
4261,0,9
4262,1,1
4263,0,8
4264,0,3
4265,1,7
4266,1,0
4267,1,8
4268,0,7
4269,1,6
4270,0,8
4271,1,3
4272,1,4
4273,0,6
4274,0,8
4275,0,3
4276,0,4
4277,1,4
4278,0,2
4279,1,0
4280,1,6
4281,0,9
4282,0,5
4283,1,5
4284,1,8
4285,0,9
4286,0,8
4287,0,5
4288,1,1
4289,0,5
4290,0,4
4291,0,0
4292,0,4
4293,1,6
4294,1,0
4295,0,2
4296,0,8
4297,1,0
4298,1,5
4299,1,5
4300,0,5
4301,1,7
4302,0,0
4303,0,6
4304,1,0
4305,1,2
4306,0,2
4307,1,5
4308,0,9
4309,0,7
4310,1,0
4311,0,6
4312,1,0
4313,0,3
4314,0,8
4315,0,5
4316,1,3
4317,1,2
4318,0,6
4319,0,7
4320,1,0
4321,1,4
4322,1,7
4323,1,6
4324,1,4
4325,0,2
4326,1,6
4327,0,1
4328,0,6
4329,0,4
4330,1,3
4331,1,0
4332,0,7
4333,0,8
4334,1,9
4335,0,6
4336,0,2
4337,0,5
4338,1,8
4339,0,2
4340,1,4
4341,0,4
4342,0,1
4343,1,8
4344,0,3
4345,0,3
4346,1,8
4347,1,5
4348,1,0
4349,0,2
4350,0,4
4351,0,5
4352,1,3
4353,0,5
4354,0,8
4355,1,0
4356,1,3
4357,1,4
4358,1,9
4359,1,8
4360,0,2
4361,1,4
4362,0,7
4363,1,6
4364,1,6
4365,0,0
4366,1,1
4367,0,1
4368,0,0
4369,1,5
4370,1,1
4371,0,6
4372,0,0
4373,0,0
4374,0,5
4375,0,4
4376,1,2
4377,1,3
4378,0,4
4379,1,9
4380,1,7
4381,1,5
4382,0,6
4383,1,9
4384,1,8
4385,1,3
4386,0,5
4387,1,5
4388,0,6
4389,0,7
4390,1,9
4391,0,0
4392,0,4
4393,1,5
4394,0,2
4395,0,9
4396,1,8
4397,0,1
4398,1,7
4399,0,9
4400,1,8
4401,1,1
4402,0,4
4403,0,9
4404,0,4
4405,0,8
4406,0,3
4407,0,3
4408,1,5
4409,1,7
4410,0,0
4411,1,2
4412,0,8
4413,0,2
4414,0,7
4415,1,4
4416,0,8
4417,0,8
4418,0,5
4419,1,5
4420,1,9
4421,0,9
4422,1,0
4423,0,0
4424,0,8
4425,0,6
4426,0,3
4427,1,6
4428,0,9
4429,1,8
4430,0,7
4431,1,0
4432,1,1
4433,1,6
4434,0,0
4435,1,2
4436,0,1
4437,1,7
4438,1,9
4439,1,4
4440,0,4
4441,1,5
4442,0,3
4443,1,9
4444,1,7
4445,0,1
4446,0,1
4447,0,7
4448,1,8
4449,0,2
4450,0,7
4451,1,0
4452,0,3
4453,1,5
4454,1,0
4455,0,4
4456,1,0
4457,0,5
4458,0,2
4459,1,7
4460,1,4
4461,1,8
4462,0,3
4463,1,0
4464,0,1
4465,1,8
4466,0,4
4467,1,2
4468,1,2
4469,1,1
4470,0,5
4471,0,1
4472,1,2
4473,1,6
4474,0,7
4475,0,0
4476,0,3
4477,1,2
4478,0,2
4479,1,8
4480,0,1
4481,0,7
4482,1,1
4483,0,0
4484,1,9
4485,1,0
4486,0,2
4487,1,3
4488,1,5
4489,1,6
4490,1,7
4491,1,0
4492,0,2
4493,0,8
4494,1,6
4495,1,9
4496,1,7
4497,1,1
4498,0,2
4499,0,2
4500,0,6
4501,0,0
4502,0,2
4503,1,5
4504,1,0
4505,1,9
4506,0,0
4507,1,1
4508,1,6
4509,0,7
4510,0,3
4511,1,8
4512,0,4
4513,0,4
4514,0,8
4515,1,2
4516,0,1
4517,1,2
4518,0,2
4519,0,2
4520,1,1
4521,1,2
4522,0,5
4523,0,3
4524,1,0
4525,1,2
4526,1,2
4527,1,0
4528,1,1
4529,0,4
4530,1,2
4531,0,4
4532,0,4
4533,1,8
4534,1,2
4535,0,3
4536,1,6
4537,1,6
4538,0,3
4539,1,5
4540,0,3
4541,1,9
4542,0,7
4543,0,3
4544,0,4
4545,0,3
4546,1,8
4547,1,0
4548,0,3
4549,0,0
4550,0,8
4551,1,4
4552,0,6
4553,0,4
4554,0,8
4555,1,9
4556,1,3
4557,1,9
4558,0,6
4559,0,2
4560,0,5
4561,1,8
4562,1,0
4563,0,0
4564,0,1
4565,1,0
4566,1,2
4567,1,6
4568,1,1
4569,1,2
4570,0,5
4571,0,7
4572,1,6
4573,0,9
4574,0,0
4575,0,2
4576,0,2
4577,1,2
4578,1,7
4579,1,8
4580,1,8
4581,0,0
4582,0,9
4583,0,5
4584,1,4
4585,0,9
4586,0,6
4587,0,3
4588,1,0
4589,0,0
4590,0,0
4591,1,2
4592,0,3
4593,1,5
4594,0,6
4595,1,2
4596,0,9
4597,1,1
4598,1,8
4599,1,3
4600,0,3
4601,1,8
4602,0,7
4603,1,7
4604,1,0
4605,1,4
4606,0,5
4607,0,2
4608,1,9
4609,1,7
4610,0,2
4611,0,8
4612,1,5
4613,0,3
4614,0,4
4615,0,3
4616,0,2
4617,0,9
4618,1,2
4619,0,2
4620,1,8
4621,0,8
4622,0,8
4623,0,6
4624,1,7
4625,0,8
4626,1,9
4627,1,7
4628,0,0
4629,0,6
4630,1,1
4631,0,3
4632,1,3
4633,1,9
4634,0,3
4635,1,1
4636,0,2
4637,0,4
4638,0,7
4639,1,9
4640,0,1
4641,0,4
4642,1,6
4643,1,3
4644,0,4
4645,1,2
4646,0,1
4647,0,3
4648,0,6
4649,1,8
4650,1,3
4651,0,3
4652,1,1
4653,1,9
4654,0,8
4655,1,6
4656,0,0
4657,0,4
4658,0,7
4659,1,7
4660,0,0
4661,1,1
4662,0,6
4663,1,7
4664,1,9
4665,1,9
4666,1,2
4667,1,1
4668,1,9
4669,0,5
4670,0,1
4671,1,2
4672,0,8
4673,1,7
4674,0,6
4675,0,4
4676,0,7
4677,1,9
4678,1,5
4679,1,1
4680,1,7
4681,1,1
4682,0,5
4683,1,2
4684,0,9
4685,1,8
4686,1,8
4687,1,9
4688,1,0
4689,0,0
4690,0,2
4691,1,0
4692,1,8
4693,1,9
4694,1,6
4695,1,8
4696,1,0
4697,1,1
4698,1,3
4699,1,6
4700,1,5
4701,0,8
4702,0,7
4703,0,2
4704,1,7
4705,0,7
4706,0,0
4707,0,5
4708,0,9
4709,1,3
4710,0,2
4711,1,9
4712,1,7
4713,0,5
4714,1,7
4715,0,0
4716,1,9
4717,1,9
4718,0,8
4719,1,7
4720,1,5
4721,1,0
4722,1,9
4723,1,0
4724,1,0
4725,0,2
4726,0,0
4727,1,0
4728,0,4
4729,1,4
4730,1,8
4731,0,1
4732,0,7
4733,0,5
4734,1,3
4735,0,1
4736,1,8
4737,0,3
4738,1,3
4739,0,6
4740,1,5
4741,1,3
4742,1,0
4743,0,0
4744,0,5
4745,0,8
4746,0,5
4747,1,6
4748,1,4
4749,0,9
4750,1,8
4751,0,7
4752,1,2
4753,0,8
4754,0,7
4755,1,3
4756,0,3
4757,1,4
4758,0,0
4759,0,4
4760,1,3
4761,0,8
4762,1,7
4763,0,8
4764,0,7
4765,1,3
4766,1,6
4767,0,8
4768,1,9
4769,1,8
4770,1,9
4771,0,6
4772,1,4
4773,1,5
4774,0,1
4775,0,6
4776,1,3
4777,0,9
4778,1,9
4779,1,2
4780,0,6
4781,0,1
4782,0,3
4783,1,8
4784,0,9
4785,1,2
4786,0,0
4787,1,1
4788,0,7
4789,0,5
4790,1,5
4791,1,4
4792,0,8
4793,1,3
4794,0,3
4795,0,8
4796,1,8
4797,1,7
4798,0,4
4799,1,1
4800,0,3
4801,0,5
4802,1,4
4803,1,0
4804,0,3
4805,1,6
4806,1,5
4807,0,6
4808,0,9
4809,0,3
4810,1,3
4811,0,3
4812,1,3
4813,0,9
4814,1,1
4815,0,0
4816,0,8
4817,0,2
4818,0,7
4819,1,6
4820,1,6
4821,1,1
4822,0,4
4823,0,9
4824,1,4
4825,0,5
4826,0,8
4827,0,4
4828,1,0
4829,1,9
4830,0,3
4831,0,8
4832,1,7
4833,0,9
4834,0,2
4835,1,1
4836,0,8
4837,1,9
4838,1,5
4839,1,3
4840,1,2
4841,1,6
4842,0,2
4843,0,1
4844,0,5
4845,0,2
4846,1,1
4847,0,5
4848,0,8
4849,0,6
4850,1,2
4851,1,9
4852,1,8
4853,0,3
4854,1,9
4855,0,8
4856,0,2
4857,1,4
4858,0,6
4859,1,4
4860,1,3
4861,0,6
4862,1,7
4863,0,3
4864,1,3
4865,0,0
4866,1,1
4867,0,6
4868,0,7
4869,1,4
4870,1,4
4871,0,3
4872,0,1
4873,1,6
4874,1,5
4875,0,8
4876,1,5
4877,0,0
4878,0,0
4879,1,5
4880,1,9
4881,1,9
4882,0,7
4883,0,4
4884,1,1
4885,0,2
4886,0,1
4887,1,2
4888,0,4
4889,0,7
4890,0,8
4891,0,8
4892,1,8
4893,0,6
4894,0,0
4895,1,2
4896,0,1
4897,1,6
4898,1,8
4899,0,5
4900,0,7
4901,1,2
4902,0,0
4903,0,6
4904,1,6
4905,0,9
4906,0,9
4907,1,1
4908,1,7
4909,0,3
4910,0,4
4911,0,5
4912,1,7
4913,1,1
4914,0,2
4915,0,2
4916,1,8
4917,1,5
4918,1,9
4919,0,1
4920,0,8
4921,0,8
4922,1,8
4923,0,7
4924,1,1
4925,1,9
4926,1,5
4927,1,5
4928,0,9
4929,1,1
4930,0,5
4931,0,3
4932,1,3
4933,1,2
4934,0,0
4935,0,7
4936,1,9
4937,1,1
4938,0,8
4939,0,8
4940,1,4
4941,0,2
4942,0,2
4943,0,7
4944,0,2
4945,0,7
4946,0,7
4947,1,6
4948,0,2
4949,0,3
4950,0,3
4951,0,0
4952,0,1
4953,1,8
4954,1,6
4955,1,0
4956,0,9
4957,0,1
4958,1,4
4959,0,5
4960,0,1
4961,1,4
4962,1,7
4963,1,3
4964,1,4
4965,1,7
4966,0,6
4967,0,7
4968,1,8
4969,1,7
4970,0,2
4971,0,7
4972,1,3
4973,1,1
4974,1,1
4975,0,0
4976,0,9
4977,0,8
4978,1,5
4979,1,3
4980,1,7
4981,1,0
4982,1,4
4983,1,4
4984,0,3
4985,1,6
4986,1,8
4987,1,4
4988,0,2
4989,1,5
4990,0,4
4991,1,5
4992,1,9
4993,1,9
4994,1,6
4995,0,6
4996,0,7
4997,0,7
4998,0,4
4999,1,1
5000,1,7
5001,0,5
5002,1,7
5003,1,4
5004,0,4
5005,0,4
5006,0,7
5007,0,7
5008,1,8
5009,1,3
5010,0,4
5011,0,7
5012,0,1
5013,0,4
5014,0,8
5015,0,8
5016,1,6
5017,0,3
5018,1,7
5019,1,0
5020,1,8
5021,1,5
5022,0,6
5023,1,6
5024,0,8
5025,0,8
5026,0,5
5027,1,9
5028,0,9
5029,1,3
5030,0,9
5031,0,0
5032,1,5
5033,0,8
5034,0,9
5035,0,3
5036,1,9
5037,1,0
5038,0,6
5039,1,2
5040,1,7
5041,1,7
5042,1,2
5043,0,2
5044,0,7
5045,1,7
5046,0,1
5047,0,6
5048,1,5
5049,1,9
5050,0,5
5051,0,3
5052,1,7
5053,1,5
5054,1,8
5055,0,8
5056,1,0
5057,0,6
5058,0,1
5059,1,2
5060,1,6
5061,0,0
5062,0,9
5063,0,0
5064,1,6
5065,0,8
5066,1,6
5067,0,1
5068,0,2
5069,1,6
5070,0,2
5071,0,8
5072,0,9
5073,0,8
5074,1,0
5075,0,9
5076,1,0
5077,0,7
5078,1,6
5079,0,3
5080,0,8
5081,0,4
5082,0,8
5083,0,5
5084,1,9
5085,0,5
5086,1,0
5087,0,0
5088,0,7
5089,1,6
5090,0,6
5091,1,9
5092,0,1
5093,1,6
5094,0,6
5095,1,4
5096,1,8
5097,1,5
5098,0,4
5099,1,5
5100,0,9
5101,1,7
5102,1,0
5103,0,2
5104,1,8
5105,1,3
5106,0,1
5107,0,1
5108,1,5
5109,1,8
5110,0,8
5111,1,3
5112,0,5
5113,1,4
5114,0,1
5115,1,3
5116,1,4
5117,0,7
5118,1,3
5119,0,1
5120,0,4
5121,0,3
5122,0,0
5123,1,5
5124,1,2
5125,1,9
5126,0,1
5127,1,4
5128,0,4
5129,1,3
5130,0,2
5131,1,6
5132,0,1
5133,0,0
5134,1,0
5135,1,3
5136,0,8
5137,0,7
5138,0,7
5139,0,4
5140,0,2
5141,1,3
5142,0,6
5143,1,4
5144,0,3
5145,0,0
5146,0,0
5147,0,1
5148,0,2
5149,1,3
5150,0,3
5151,0,4
5152,1,9
5153,0,1
5154,1,7
5155,1,7
5156,1,5
5157,1,7
5158,1,7
5159,0,4
5160,0,9
5161,1,2
5162,0,7
5163,0,1
5164,0,6
5165,0,3
5166,1,4
5167,1,6
5168,1,4
5169,0,8
5170,1,3
5171,0,9
5172,0,8
5173,0,2
5174,0,3
5175,0,3
5176,0,2
5177,0,6
5178,1,1
5179,1,5
5180,1,8
5181,0,9
5182,1,2
5183,1,5
5184,1,7
5185,0,2
5186,0,3
5187,1,6
5188,0,8
5189,1,5
5190,1,4
5191,1,3
5192,0,2
5193,0,0
5194,1,3
5195,1,8
5196,0,2
5197,1,9
5198,1,4
5199,0,0
5200,0,8
5201,0,4
5202,0,8
5203,0,0
5204,0,0
5205,0,8
5206,0,5
5207,0,6
5208,0,0
5209,0,0
5210,0,4
5211,0,9
5212,1,4
5213,1,4
5214,1,9
5215,0,1
5216,0,4
5217,0,1
5218,0,5
5219,1,0
5220,0,0
5221,1,3
5222,1,1
5223,0,5
5224,1,4
5225,1,5
5226,0,6
5227,0,6
5228,1,9
5229,0,1
5230,0,8
5231,1,0
5232,0,5
5233,1,7
5234,0,3
5235,0,2
5236,1,3
5237,1,4
5238,1,8
5239,0,4
5240,0,0
5241,0,8
5242,0,2
5243,0,9
5244,0,4
5245,1,9
5246,0,9
5247,1,4
5248,0,0
5249,1,1
5250,1,0
5251,1,0
5252,0,5
5253,1,1
5254,0,6
5255,0,5
5256,1,5
5257,1,3
5258,1,1
5259,1,9
5260,0,0
5261,1,8
5262,0,1
5263,0,4
5264,1,6
5265,0,9
5266,0,4
5267,0,8
5268,0,1
5269,0,3
5270,1,8
5271,1,0
5272,1,0
5273,0,1
5274,1,3
5275,1,4
5276,0,2
5277,1,7
5278,0,5
5279,0,6
5280,1,9
5281,0,0
5282,1,7
5283,0,5
5284,0,3
5285,1,9
5286,1,0
5287,1,2
5288,0,8
5289,1,4
5290,0,0
5291,0,0
5292,0,0
5293,1,3
5294,1,0
5295,0,0
5296,0,8
5297,0,7
5298,1,1
5299,1,9
5300,0,3
5301,0,9
5302,1,4
5303,0,3
5304,1,2
5305,0,6
5306,0,2
5307,1,9
5308,0,0
5309,0,4
5310,0,8
5311,1,9
5312,0,5
5313,0,6
5314,0,1
5315,1,4
5316,0,8
5317,1,6
5318,1,8
5319,1,3
5320,1,5
5321,0,6
5322,1,1
5323,1,4
5324,0,3
5325,0,3
5326,0,1
5327,0,8
5328,1,9
5329,1,2
5330,0,4
5331,1,1
5332,0,1
5333,0,5
5334,0,4
5335,1,7
5336,0,1
5337,0,8
5338,0,3
5339,0,0
5340,0,2
5341,0,2
5342,1,0
5343,1,2
5344,0,5
5345,0,4
5346,1,3
5347,0,5
5348,1,1
5349,0,2
5350,1,9
5351,0,1
5352,1,1
5353,0,8
5354,0,9
5355,1,1
5356,1,1
5357,0,8
5358,1,9
5359,0,3
5360,0,8
5361,1,4
5362,0,7
5363,0,7
5364,1,7
5365,0,1
5366,0,4
5367,0,8
5368,1,7
5369,0,1
5370,1,1
5371,1,7
5372,0,7
5373,1,9
5374,0,9
5375,0,2
5376,1,3
5377,1,0
5378,0,9
5379,1,2
5380,0,5
5381,1,1
5382,1,0
5383,0,6
5384,1,5
5385,0,1
5386,1,8
5387,1,3
5388,0,4
5389,0,0
5390,0,9
5391,1,4
5392,0,6
5393,0,8
5394,1,3
5395,1,8
5396,0,5
5397,1,9
5398,0,6
5399,0,6
5400,0,9
5401,1,6
5402,1,1
5403,1,9
5404,0,4
5405,0,3
5406,0,6
5407,0,9
5408,0,6
5409,1,7
5410,1,7
5411,1,9
5412,0,7
5413,1,7
5414,0,3
5415,1,2
5416,0,4
5417,0,1
5418,1,5
5419,0,9
5420,0,1
5421,1,4
5422,0,5
5423,1,8
5424,0,1
5425,1,0
5426,0,3
5427,0,9
5428,1,1
5429,1,6
5430,1,5
5431,1,9
5432,1,9
5433,1,7
5434,0,4
5435,1,5
5436,1,9
5437,0,5
5438,0,6
5439,1,1
5440,1,8
5441,1,3
5442,0,7
5443,0,8
5444,0,5
5445,1,2
5446,1,1
5447,0,6
5448,0,9
5449,1,8
5450,0,4
5451,1,4
5452,0,0
5453,1,5
5454,0,6
5455,1,2
5456,1,9
5457,0,0
5458,0,0
5459,1,9
5460,0,7
5461,0,1
5462,0,8
5463,1,0
5464,1,1
5465,1,6
5466,1,4
5467,1,0
5468,1,2
5469,1,9
5470,0,3
5471,0,3
5472,0,7
5473,1,5
5474,1,0
5475,1,3
5476,1,1
5477,0,0
5478,0,8
5479,1,0
5480,0,1
5481,1,7
5482,0,0
5483,0,5
5484,0,4
5485,0,5
5486,0,6
5487,1,3
5488,1,9
5489,1,6
5490,1,0
5491,0,9
5492,0,3
5493,1,2
5494,1,2
5495,1,4
5496,0,5
5497,0,3
5498,0,2
5499,0,8
5500,1,8
5501,0,3
5502,0,4
5503,0,2
5504,0,9
5505,1,0
5506,0,9
5507,1,7
5508,1,8
5509,0,8
5510,1,1
5511,1,7
5512,1,4
5513,0,4
5514,1,5
5515,0,0
5516,1,3
5517,0,1
5518,1,5
5519,1,7
5520,1,5
5521,0,2
5522,0,3
5523,0,0
5524,0,1
5525,0,0
5526,0,1
5527,0,5
5528,1,9
5529,0,2
5530,1,2
5531,1,8
5532,1,3
5533,0,3
5534,0,2
5535,0,8
5536,0,1
5537,0,5
5538,0,2
5539,1,2
5540,1,6
5541,0,0
5542,0,1
5543,0,0
5544,0,7
5545,1,9
5546,0,0
5547,1,2
5548,1,7
5549,0,9
5550,1,0
5551,1,6
5552,1,3
5553,0,9
5554,1,2
5555,1,2
5556,0,7
5557,0,3
5558,0,3
5559,0,7
5560,1,5
5561,0,1
5562,0,1
5563,0,2
5564,1,3
5565,1,9
5566,0,4
5567,0,0
5568,0,7
5569,0,8
5570,0,1
5571,1,7
5572,1,0
5573,1,0
5574,1,1
5575,0,6
5576,1,0
5577,1,4
5578,0,9
5579,0,6
5580,1,6
5581,0,2
5582,1,7
5583,1,5
5584,1,5
5585,0,6
5586,0,3
5587,1,1
5588,1,7
5589,0,5
5590,1,5
5591,1,3
5592,0,5
5593,1,8
5594,0,9
5595,1,5
5596,0,5
5597,1,9
5598,1,0
5599,1,4
5600,1,0
5601,0,5
5602,1,9
5603,0,9
5604,0,6
5605,1,6
5606,1,4
5607,0,6
5608,0,0
5609,0,9
5610,1,0
5611,1,3
5612,0,6
5613,0,0
5614,1,4
5615,1,1
5616,0,1
5617,1,1
5618,0,9
5619,1,0
5620,1,8
5621,1,9
5622,0,1
5623,0,1
5624,1,1
5625,1,4
5626,1,4
5627,1,7
5628,1,4
5629,1,0
5630,0,1
5631,0,5
5632,0,0
5633,1,7
5634,1,3
5635,1,7
5636,1,6
5637,1,9
5638,1,9
5639,0,1
5640,1,8
5641,0,4
5642,0,4
5643,0,0
5644,0,9
5645,0,7
5646,1,9
5647,1,2
5648,0,2
5649,1,4
5650,1,8
5651,0,8
5652,1,6
5653,1,8
5654,0,6
5655,0,7
5656,1,9
5657,1,6
5658,0,1
5659,1,1
5660,0,9
5661,0,4
5662,0,4
5663,1,7
5664,1,8
5665,1,8
5666,1,3
5667,1,4
5668,0,1
5669,0,3
5670,0,6
5671,0,4
5672,1,5
5673,0,3
5674,0,4
5675,1,6
5676,1,0
5677,1,6
5678,0,7
5679,1,0
5680,0,8
5681,0,5
5682,1,2
5683,0,1
5684,0,1
5685,1,2
5686,1,5
5687,1,9
5688,0,3
5689,1,1
5690,1,6
5691,0,3
5692,0,5
5693,0,6
5694,0,5
5695,0,5
5696,1,5
5697,0,2
5698,1,4
5699,0,5
5700,0,8
5701,0,1
5702,1,3
5703,1,2
5704,1,6
5705,1,3
5706,1,2
5707,0,0
5708,1,3
5709,1,4
5710,0,8
5711,0,0
5712,1,7
5713,1,3
5714,0,7
5715,0,2
5716,1,0
5717,1,4
5718,0,3
5719,1,6
5720,0,6
5721,0,0
5722,1,9
5723,0,8
5724,0,5
5725,0,7
5726,1,7
5727,1,5
5728,1,8
5729,1,3
5730,1,7
5731,0,8
5732,0,4
5733,1,0
5734,1,3
5735,1,1
5736,1,6
5737,1,3
5738,0,9
5739,0,0
5740,0,3
5741,0,8
5742,0,7
5743,0,7
5744,1,0
5745,0,0
5746,1,6
5747,1,4
5748,1,4
5749,0,6
5750,0,3
5751,0,6
5752,1,6
5753,1,4
5754,0,8
5755,1,7
5756,0,9
5757,0,3
5758,1,4
5759,0,5
5760,0,3
5761,0,4
5762,1,2
5763,1,1
5764,0,0
5765,0,6
5766,1,0
5767,0,2
5768,0,5
5769,0,5
5770,0,6
5771,1,7
5772,0,2
5773,1,6
5774,1,3
5775,1,7
5776,1,2
5777,1,9
5778,1,8
5779,1,8
5780,1,8
5781,1,6
5782,0,6
5783,1,4
5784,0,5
5785,1,9
5786,1,0
5787,1,9
5788,1,7
5789,0,5
5790,0,1
5791,1,5
5792,1,4
5793,1,6
5794,1,3
5795,0,3
5796,1,0
5797,1,6
5798,1,0
5799,0,0
5800,1,4
5801,0,9
5802,0,0
5803,1,5
5804,1,6
5805,0,8
5806,1,5
5807,1,2
5808,0,8
5809,1,7
5810,1,1
5811,0,8
5812,0,1
5813,1,7
5814,0,8
5815,0,4
5816,0,4
5817,0,8
5818,0,0
5819,0,0
5820,0,5
5821,0,1
5822,1,3
5823,0,0
5824,1,3
5825,1,6
5826,0,8
5827,0,1
5828,0,8
5829,1,3
5830,1,6
5831,1,9
5832,1,3
5833,1,4
5834,0,6
5835,1,6
5836,1,0
5837,1,0
5838,1,0
5839,1,4
5840,0,7
5841,1,6
5842,1,7
5843,0,7
5844,0,5
5845,1,4
5846,1,5
5847,1,6
5848,1,3
5849,1,6
5850,1,5
5851,0,7
5852,0,0
5853,1,1
5854,1,4
5855,0,6
5856,0,9
5857,1,9
5858,0,4
5859,0,5
5860,0,2
5861,0,8
5862,0,6
5863,0,8
5864,0,0
5865,1,8
5866,0,1
5867,0,9
5868,0,6
5869,0,2
5870,1,3
5871,0,3
5872,0,6
5873,1,4
5874,1,6
5875,1,2
5876,1,9
5877,1,3
5878,0,7
5879,1,0
5880,1,1
5881,0,9
5882,1,5
5883,0,8
5884,1,4
5885,0,0
5886,0,4
5887,0,1
5888,1,0
5889,0,0
5890,1,7
5891,1,0
5892,0,0
5893,0,2
5894,0,2
5895,1,0
5896,1,7
5897,0,8
5898,1,1
5899,0,8
5900,1,0
5901,1,5
5902,1,4
5903,0,0
5904,1,1
5905,1,3
5906,0,9
5907,1,1
5908,1,0
5909,1,3
5910,1,3
5911,0,4
5912,1,7
5913,0,4
5914,0,9
5915,1,9
5916,0,1
5917,1,6
5918,0,4
5919,1,5
5920,0,0
5921,1,9
5922,0,9
5923,0,7
5924,0,0
5925,1,5
5926,0,3
5927,0,8
5928,1,8
5929,0,3
5930,0,1
5931,1,0
5932,1,9
5933,0,2
5934,1,4
5935,1,2
5936,0,1
5937,1,3
5938,0,1
5939,0,3
5940,1,5
5941,1,0
5942,1,2
5943,0,1
5944,1,5
5945,1,6
5946,0,7
5947,1,9
5948,1,8
5949,1,2
5950,0,3
5951,0,5
5952,0,8
5953,0,0
5954,1,4
5955,1,5
5956,0,6
5957,0,9
5958,0,4
5959,0,3
5960,1,5
5961,1,9
5962,0,4
5963,0,7
5964,1,7
5965,1,7
5966,1,2
5967,0,0
5968,0,8
5969,0,6
5970,1,3
5971,1,0
5972,0,1
5973,0,1
5974,0,3
5975,0,7
5976,1,9
5977,0,2
5978,1,0
5979,0,6
5980,1,0
5981,1,6
5982,0,0
5983,0,5
5984,1,3
5985,1,1
5986,1,2
5987,1,1
5988,0,0
5989,1,5
5990,0,9
5991,0,2
5992,0,6
5993,0,2
5994,1,3
5995,0,4
5996,1,7
5997,0,8
5998,0,6
5999,1,8
6000,0,1
6001,1,6
6002,1,7
6003,0,9
6004,0,1
6005,0,0
6006,1,4
6007,1,8
6008,1,6
6009,0,1
6010,1,9
6011,0,6
6012,0,6
6013,1,6
6014,0,2
6015,0,9
6016,0,2
6017,1,4
6018,1,2
6019,1,8
6020,0,8
6021,1,4
6022,1,2
6023,1,2
6024,0,9
6025,0,0
6026,0,3
6027,0,6
6028,1,7
6029,1,2
6030,0,6
6031,0,0
6032,1,7
6033,1,2
6034,1,1
6035,1,5
6036,0,5
6037,1,2
6038,1,5
6039,1,2
6040,0,3
6041,0,9
6042,0,1
6043,0,6
6044,1,6
6045,0,6
6046,0,4
6047,1,6
6048,0,5
6049,0,8
6050,0,9
6051,0,6
6052,1,7
6053,1,5
6054,1,3
6055,0,7
6056,0,4
6057,0,3
6058,0,7
6059,0,2
6060,1,8
6061,0,3
6062,1,3
6063,0,7
6064,0,5
6065,0,9
6066,1,0
6067,0,5
6068,0,7
6069,1,8
6070,1,8
6071,0,6
6072,1,2
6073,0,7
6074,1,9
6075,0,7
6076,1,1
6077,1,4
6078,1,2
6079,0,1
6080,1,2
6081,1,5
6082,0,9
6083,1,8
6084,1,7
6085,1,7
6086,1,6
6087,1,0
6088,1,3
6089,1,4
6090,0,7
6091,0,5
6092,0,2
6093,1,1
6094,1,7
6095,1,2
6096,1,7
6097,1,8
6098,0,1
6099,1,8
6100,1,0
6101,1,1
6102,1,7
6103,0,2
6104,1,7
6105,1,7
6106,1,1
6107,0,3
6108,0,5
6109,0,8
6110,0,6
6111,0,8
6112,0,2
6113,0,8
6114,1,5
6115,0,4
6116,1,9
6117,0,7
6118,0,8
6119,0,8
6120,0,9
6121,1,3
6122,0,0
6123,0,3
6124,1,1
6125,0,8
6126,1,2
6127,1,8
6128,1,6
6129,1,1
6130,0,6
6131,0,2
6132,0,7
6133,1,5
6134,0,5
6135,0,0
6136,1,2
6137,1,7
6138,1,4
6139,1,1
6140,0,6
6141,1,7
6142,1,6
6143,1,1
6144,0,4
6145,1,5
6146,1,9
6147,0,8
6148,0,6
6149,1,7
6150,0,6
6151,0,2
6152,0,6
6153,0,8
6154,1,3
6155,0,4
6156,0,4
6157,1,8
6158,0,9
6159,1,2
6160,1,2
6161,0,9
6162,1,1
6163,0,5
6164,1,9
6165,1,7
6166,1,1
6167,1,8
6168,1,9
6169,1,9
6170,1,5
6171,0,1
6172,0,7
6173,0,9
6174,0,2
6175,1,9
6176,1,6
6177,0,1
6178,1,3
6179,1,0
6180,0,7
6181,0,7
6182,0,0
6183,1,0
6184,1,6
6185,0,4
6186,1,1
6187,0,0
6188,1,9
6189,0,7
6190,1,4
6191,1,6
6192,1,9
6193,0,5
6194,1,9
6195,1,3
6196,1,5
6197,0,5
6198,1,3
6199,1,3
6200,1,7
6201,0,1
6202,0,4
6203,0,5
6204,0,8
6205,1,5
6206,1,1
6207,0,2
6208,1,4
6209,0,6
6210,0,1
6211,1,8
6212,1,7
6213,0,1
6214,0,5
6215,0,9
6216,0,6
6217,0,8
6218,0,3
6219,0,9
6220,1,0
6221,0,1
6222,1,7
6223,0,9
6224,0,6
6225,0,6
6226,1,7
6227,1,7
6228,1,9
6229,1,4
6230,0,2
6231,1,2
6232,1,2
6233,1,5
6234,0,9
6235,0,3
6236,0,7
6237,1,6
6238,1,3
6239,1,7
6240,0,1
6241,1,5
6242,0,1
6243,1,9
6244,1,1
6245,0,2
6246,0,9
6247,0,6
6248,1,4
6249,1,4
6250,0,3
6251,0,9
6252,1,1
6253,0,1
6254,0,2
6255,0,9
6256,1,1
6257,0,3
6258,0,3
6259,1,9
6260,1,9
6261,1,9
6262,1,8
6263,0,2
6264,1,6
6265,1,9
6266,0,7
6267,0,6
6268,0,5
6269,1,7
6270,1,1
6271,1,9
6272,0,9
6273,1,8
6274,1,4
6275,0,7
6276,1,7
6277,1,5
6278,1,3
6279,0,0
6280,0,2
6281,1,6
6282,0,0
6283,0,3
6284,1,9
6285,1,1
6286,1,4
6287,1,9
6288,1,4
6289,0,7
6290,0,4
6291,0,6
6292,1,1
6293,1,6
6294,1,2
6295,1,1
6296,1,6
6297,1,4
6298,0,8
6299,0,1
6300,1,5
6301,0,5
6302,0,0
6303,1,6
6304,0,4
6305,0,1
6306,1,0
6307,1,8
6308,0,3
6309,0,1
6310,1,0
6311,1,2
6312,1,9
6313,1,9
6314,0,1
6315,1,8
6316,0,0
6317,0,6
6318,0,2
6319,0,7
6320,0,1
6321,0,0
6322,0,1
6323,1,9
6324,0,8
6325,1,3
6326,0,9
6327,0,3
6328,0,0
6329,0,9
6330,1,7
6331,1,2
6332,1,4
6333,0,3
6334,1,7
6335,0,1
6336,1,4
6337,1,4
6338,0,6
6339,0,1
6340,1,0
6341,0,7
6342,1,7
6343,0,2
6344,0,8
6345,0,2
6346,0,2
6347,1,3
6348,1,5
6349,1,1
6350,0,1
6351,1,6
6352,0,2
6353,1,9
6354,0,6
6355,0,6
6356,0,0
6357,1,2
6358,1,5
6359,0,2
6360,1,7
6361,0,9
6362,0,3
6363,0,0
6364,1,1
6365,0,6
6366,0,4
6367,0,6
6368,1,6
6369,1,8
6370,1,7
6371,1,0
6372,0,3
6373,1,1
6374,0,5
6375,1,5
6376,1,7
6377,1,0
6378,1,0
6379,0,4
6380,0,2
6381,1,0
6382,1,5
6383,0,7
6384,0,7
6385,0,7
6386,1,4
6387,1,1
6388,0,4
6389,1,6
6390,0,8
6391,1,7
6392,0,7
6393,1,6
6394,0,8
6395,0,6
6396,1,0
6397,0,4
6398,0,4
6399,1,1
6400,1,7
6401,0,0
6402,0,6
6403,1,3
6404,0,6
6405,0,9
6406,0,3
6407,0,2
6408,0,3
6409,0,3
6410,1,8
6411,0,2
6412,0,7
6413,0,9
6414,1,9
6415,0,8
6416,1,2
6417,1,4
6418,1,4
6419,0,5
6420,1,8
6421,0,9
6422,1,9
6423,0,8
6424,1,2
6425,0,9
6426,1,6
6427,0,4
6428,1,3
6429,0,0
6430,0,1
6431,0,4
6432,0,4
6433,1,6
6434,0,3
6435,0,0
6436,0,2
6437,1,4
6438,0,6
6439,1,4
6440,1,8
6441,1,7
6442,1,6
6443,1,7
6444,1,1
6445,0,4
6446,0,1
6447,1,7
6448,1,5
6449,0,4
6450,0,2
6451,1,2
6452,1,0
6453,0,0
6454,1,8
6455,0,9
6456,0,4
6457,0,9
6458,1,1
6459,0,8
6460,0,9
6461,0,9
6462,1,2
6463,0,0
6464,0,3
6465,1,5
6466,1,9
6467,1,5
6468,0,2
6469,1,4
6470,0,7
6471,1,9
6472,0,7
6473,0,3
6474,0,4
6475,0,5
6476,0,2
6477,0,2
6478,1,7
6479,1,6
6480,0,9
6481,0,8
6482,1,8
6483,1,7
6484,1,4
6485,0,4
6486,1,0
6487,0,5
6488,1,2
6489,1,6
6490,1,0
6491,1,1
6492,1,0
6493,0,8
6494,0,9
6495,1,9
6496,0,6
6497,1,6
6498,1,1
6499,0,2
6500,0,1
6501,0,3
6502,1,3
6503,0,5
6504,0,7
6505,1,1
6506,1,8
6507,1,4
6508,0,6
6509,0,3
6510,1,3
6511,1,7
6512,0,2
6513,0,9
6514,1,7
6515,0,2
6516,0,4
6517,1,9
6518,1,2
6519,1,4
6520,0,2
6521,0,2
6522,0,9
6523,1,9
6524,0,0
6525,1,0
6526,0,5
6527,1,8
6528,1,0
6529,0,1
6530,0,2
6531,0,5
6532,1,0
6533,0,4
6534,1,3
6535,1,0
6536,0,4
6537,1,8
6538,1,8
6539,1,8
6540,1,6
6541,0,6
6542,1,2
6543,0,6
6544,1,2
6545,1,7
6546,1,1
6547,0,7
6548,1,4
6549,0,6
6550,1,8
6551,1,7
6552,1,1
6553,1,3
6554,0,1
6555,1,7
6556,0,7
6557,0,0
6558,0,5
6559,0,1
6560,1,4
6561,0,1
6562,1,1
6563,0,3
6564,1,8
6565,1,0
6566,1,7
6567,0,1
6568,1,5
6569,1,1
6570,0,3
6571,0,3
6572,0,8
6573,1,8
6574,1,9
6575,1,2
6576,0,3
6577,1,7
6578,1,0
6579,1,3
6580,0,3
6581,1,8
6582,0,2
6583,0,6
6584,0,6
6585,1,7
6586,1,9
6587,1,7
6588,0,2
6589,1,0
6590,0,2
6591,0,9
6592,0,9
6593,0,8
6594,0,5
6595,1,4
6596,0,8
6597,1,0
6598,0,7
6599,1,2
6600,0,9
6601,0,0
6602,1,8
6603,1,5
6604,0,7
6605,0,8
6606,0,2
6607,1,6
6608,1,3
6609,1,1
6610,0,6
6611,0,9
6612,1,8
6613,0,2
6614,1,7
6615,0,2
6616,0,0
6617,1,2
6618,1,5
6619,1,2
6620,1,5
6621,1,6
6622,0,4
6623,1,7
6624,1,5
6625,1,5
6626,1,8
6627,1,0
6628,1,1
6629,1,2
6630,1,6
6631,0,3
6632,0,4
6633,1,2
6634,0,4
6635,0,9
6636,0,5
6637,1,4
6638,0,0
6639,1,4
6640,1,5
6641,1,9
6642,1,0
6643,1,1
6644,1,4
6645,0,2
6646,0,7
6647,1,5
6648,0,2
6649,0,1
6650,1,4
6651,1,0
6652,0,7
6653,0,8
6654,0,9
6655,1,6
6656,0,3
6657,1,2
6658,0,7
6659,1,1
6660,0,8
6661,1,6
6662,0,4
6663,0,4
6664,0,7
6665,0,0
6666,1,6
6667,0,1
6668,0,7
6669,0,0
6670,0,9
6671,1,9
6672,0,7
6673,1,2
6674,0,8
6675,1,6
6676,1,1
6677,1,9
6678,1,5
6679,0,6
6680,0,3
6681,1,8
6682,0,1
6683,1,5
6684,0,6
6685,1,1
6686,0,4
6687,1,1
6688,1,1
6689,0,8
6690,0,7
6691,1,6
6692,0,3
6693,1,9
6694,0,0
6695,1,5
6696,1,2
6697,1,7
6698,1,9
6699,0,1
6700,0,1
6701,0,7
6702,1,9
6703,0,5
6704,0,7
6705,0,8
6706,1,6
6707,0,6
6708,0,9
6709,1,9
6710,0,3
6711,1,8
6712,1,9
6713,0,4
6714,0,3
6715,0,7
6716,1,8
6717,1,6
6718,0,5
6719,1,1
6720,1,0
6721,1,5
6722,0,2
6723,1,3
6724,1,2
6725,0,8
6726,0,1
6727,0,7
6728,0,8
6729,0,9
6730,0,7
6731,1,2
6732,1,9
6733,1,4
6734,1,7
6735,0,5
6736,0,7
6737,1,3
6738,0,6
6739,0,4
6740,1,5
6741,0,1
6742,0,7
6743,0,6
6744,0,2
6745,1,7
6746,1,2
6747,1,6
6748,1,4
6749,1,7
6750,0,4
6751,1,8
6752,0,3
6753,0,3
6754,0,5
6755,0,9
6756,0,3
6757,1,9
6758,1,9
6759,0,4
6760,1,3
6761,1,6
6762,0,4
6763,1,6
6764,1,0
6765,1,4
6766,0,1
6767,0,6
6768,1,2
6769,0,6
6770,0,1
6771,0,6
6772,0,0
6773,0,7
6774,0,8
6775,0,0
6776,1,1
6777,1,2
6778,1,4
6779,1,0
6780,0,5
6781,1,7
6782,1,2
6783,1,3
6784,1,2
6785,0,8
6786,1,2
6787,0,4
6788,0,6
6789,0,9
6790,1,3
6791,1,3
6792,1,7
6793,0,9
6794,1,5
6795,1,9
6796,0,9
6797,0,2
6798,1,8
6799,0,7
6800,0,1
6801,1,6
6802,1,8
6803,0,2
6804,0,5
6805,0,0
6806,1,6
6807,0,3
6808,1,3
6809,1,3
6810,1,0
6811,1,2
6812,1,4
6813,0,4
6814,0,3
6815,0,2
6816,0,3
6817,1,9
6818,0,0
6819,0,4
6820,0,2
6821,0,0
6822,0,8
6823,1,4
6824,1,3
6825,1,8
6826,1,8
6827,0,0
6828,1,5
6829,0,0
6830,1,5
6831,0,6
6832,1,6
6833,0,4
6834,1,0
6835,0,3
6836,0,9
6837,1,2
6838,1,7
6839,1,6
6840,0,6
6841,0,3
6842,0,9
6843,1,0
6844,1,8
6845,1,2
6846,1,5
6847,0,1
6848,0,1
6849,1,9
6850,1,4
6851,0,8
6852,1,7
6853,1,3
6854,1,1
6855,1,1
6856,1,9
6857,0,7
6858,1,5
6859,0,0
6860,1,0
6861,0,9
6862,0,7
6863,0,1
6864,1,9
6865,0,8
6866,1,2
6867,0,9
6868,1,7
6869,0,7
6870,0,3
6871,1,1
6872,0,8
6873,1,5
6874,1,1
6875,0,0
6876,0,4
6877,1,3
6878,1,8
6879,1,3
6880,0,8
6881,1,7
6882,0,5
6883,1,2
6884,0,4
6885,1,8
6886,1,5
6887,1,9
6888,0,6
6889,1,5
6890,0,8
6891,1,9
6892,1,9
6893,1,3
6894,1,3
6895,1,4
6896,0,1
6897,0,6
6898,1,3
6899,1,3
6900,1,2
6901,0,2
6902,0,0
6903,0,7
6904,1,1
6905,0,8
6906,1,2
6907,0,0
6908,0,1
6909,0,4
6910,1,6
6911,1,3
6912,1,8
6913,0,6
6914,1,3
6915,1,1
6916,0,4
6917,1,7
6918,1,6
6919,0,5
6920,0,9
6921,0,8
6922,0,3
6923,0,5
6924,1,0
6925,1,8
6926,1,8
6927,1,6
6928,0,2
6929,1,8
6930,0,0
6931,1,3
6932,1,1
6933,1,5
6934,1,1
6935,1,9
6936,1,9
6937,0,7
6938,1,8
6939,0,9
6940,1,1
6941,1,2
6942,0,1
6943,0,2
6944,1,7
6945,1,9
6946,1,5
6947,0,2
6948,1,3
6949,1,9
6950,0,2
6951,1,9
6952,0,5
6953,1,3
6954,1,4
6955,0,9
6956,1,3
6957,0,3
6958,1,2
6959,1,2
6960,1,1
6961,1,4
6962,0,7
6963,0,7
6964,1,6
6965,1,6
6966,0,3
6967,1,2
6968,1,7
6969,1,1
6970,1,1
6971,0,4
6972,1,1
6973,1,0
6974,1,7
6975,1,1
6976,0,9
6977,1,7
6978,1,6
6979,0,3
6980,1,3
6981,1,4
6982,1,6
6983,0,9
6984,1,3
6985,0,8
6986,1,9
6987,1,6
6988,1,3
6989,0,5
6990,0,4
6991,0,0
6992,1,9
6993,1,3
6994,0,3
6995,1,1
6996,0,9
6997,0,2
6998,1,6
6999,1,4
7000,0,1
7001,0,2
7002,1,3
7003,0,2
7004,0,9
7005,1,5
7006,0,5
7007,0,0
7008,0,8
7009,1,9
7010,0,0
7011,0,1
7012,1,8
7013,0,3
7014,0,3
7015,1,8
7016,0,6
7017,1,5
7018,1,4
7019,1,9
7020,0,9
7021,1,4
7022,1,2
7023,1,0
7024,1,7
7025,0,2
7026,0,2
7027,0,7
7028,1,6
7029,0,3
7030,0,5
7031,0,1
7032,1,0
7033,0,2
7034,0,4
7035,1,2
7036,0,4
7037,1,7
7038,1,1
7039,1,5
7040,1,2
7041,1,2
7042,1,3
7043,0,3
7044,1,0
7045,1,2
7046,1,4
7047,0,8
7048,0,1
7049,0,1
7050,0,4
7051,0,7
7052,1,8
7053,1,1
7054,1,8
7055,1,1
7056,1,5
7057,0,0
7058,1,9
7059,0,2
7060,1,2
7061,1,4
7062,0,4
7063,0,2
7064,0,0
7065,1,4
7066,0,6
7067,1,9
7068,0,7
7069,1,3
7070,1,5
7071,0,7
7072,1,1
7073,0,6
7074,0,6
7075,1,5
7076,0,1
7077,1,3
7078,1,5
7079,1,6
7080,0,7
7081,0,4
7082,1,6
7083,1,6
7084,0,2
7085,0,0
7086,0,6
7087,0,5
7088,0,7
7089,1,0
7090,1,4
7091,0,1
7092,1,0
7093,0,5
7094,0,7
7095,0,5
7096,0,8
7097,0,7
7098,1,1
7099,0,0
7100,1,2
7101,1,4
7102,0,0
7103,1,9
7104,1,0
7105,0,0
7106,0,0
7107,0,8
7108,0,8
7109,0,3
7110,1,0
7111,0,5
7112,0,9
7113,1,0
7114,1,6
7115,1,5
7116,0,8
7117,1,9
7118,1,1
7119,0,3
7120,0,8
7121,1,4
7122,1,8
7123,0,9
7124,0,4
7125,1,8
7126,1,7
7127,1,0
7128,0,7
7129,0,8
7130,0,8
7131,0,7
7132,0,4
7133,1,5
7134,0,5
7135,1,7
7136,0,3
7137,1,5
7138,0,6
7139,0,3
7140,1,3
7141,0,7
7142,1,2
7143,1,1
7144,0,6
7145,1,4
7146,0,4
7147,1,5
7148,0,6
7149,1,9
7150,0,6
7151,0,1
7152,1,0
7153,1,7
7154,1,2
7155,1,0
7156,1,8
7157,1,6
7158,1,9
7159,1,8
7160,0,2
7161,0,8
7162,0,9
7163,0,9
7164,0,3
7165,0,9
7166,0,3
7167,1,7
7168,1,9
7169,1,8
7170,0,8
7171,0,8
7172,0,0
7173,0,9
7174,1,2
7175,1,9
7176,0,1
7177,0,5
7178,1,1
7179,1,9
7180,0,0
7181,0,5
7182,1,5
7183,1,5
7184,1,6
7185,1,9
7186,0,1
7187,0,8
7188,0,3
7189,1,4
7190,0,7
7191,1,5
7192,0,0
7193,0,5
7194,0,6
7195,1,9
7196,1,3
7197,1,3
7198,1,3
7199,1,4
7200,0,2
7201,0,7
7202,1,3
7203,1,5
7204,0,9
7205,1,5
7206,1,7
7207,0,1
7208,1,5
7209,1,7
7210,1,7
7211,0,9
7212,1,3
7213,0,7
7214,1,2
7215,1,1
7216,0,6
7217,1,0
7218,1,3
7219,1,9
7220,1,2
7221,0,9
7222,0,2
7223,1,7
7224,1,6
7225,1,1
7226,1,6
7227,1,3
7228,0,9
7229,1,6
7230,1,4
7231,0,1
7232,1,4
7233,0,2
7234,1,6
7235,1,2
7236,0,8
7237,0,9
7238,0,0
7239,1,6
7240,1,8
7241,0,0
7242,1,5
7243,0,8
7244,0,5
7245,1,0
7246,0,1
7247,0,6
7248,1,2
7249,1,8
7250,1,3
7251,0,2
7252,1,3
7253,0,2
7254,0,7
7255,0,8
7256,1,2
7257,0,4
7258,1,3
7259,0,0
7260,0,4
7261,0,4
7262,1,6
7263,0,6
7264,0,3
7265,0,1
7266,1,7
7267,0,6
7268,1,5
7269,0,5
7270,1,1
7271,1,5
7272,0,3
7273,1,3
7274,1,6
7275,0,2
7276,1,8
7277,1,3
7278,1,6
7279,1,3
7280,1,1
7281,0,8
7282,0,2
7283,1,7
7284,1,0
7285,0,4
7286,0,6
7287,0,0
7288,0,2
7289,0,7
7290,0,3
7291,1,6
7292,0,2
7293,0,8
7294,1,3
7295,1,3
7296,0,6
7297,1,6
7298,0,4
7299,1,2
7300,0,4
7301,0,0
7302,0,7
7303,0,4
7304,1,8
7305,0,8
7306,1,1
7307,1,1
7308,1,4
7309,1,8
7310,1,4
7311,1,1
7312,0,4
7313,1,4
7314,0,8
7315,0,2
7316,1,4
7317,0,1
7318,0,3
7319,1,1
7320,1,5
7321,0,8
7322,1,8
7323,1,1
7324,1,3
7325,1,0
7326,1,4
7327,1,8
7328,1,7
7329,1,9
7330,1,9
7331,1,6
7332,0,8
7333,0,7
7334,0,7
7335,0,0
7336,1,9
7337,1,8
7338,1,5
7339,1,3
7340,1,5
7341,1,9
7342,0,5
7343,1,0
7344,1,4
7345,0,3
7346,1,5
7347,0,0
7348,0,6
7349,0,8
7350,0,0
7351,1,1
7352,0,0
7353,1,4
7354,1,3
7355,0,9
7356,1,5
7357,1,4
7358,1,1
7359,1,0
7360,0,3
7361,0,6
7362,1,7
7363,0,3
7364,1,9
7365,0,5
7366,1,8
7367,0,6
7368,1,5
7369,0,7
7370,0,9
7371,1,5
7372,1,6
7373,0,3
7374,0,8
7375,1,2
7376,1,5
7377,0,7
7378,0,0
7379,1,1
7380,1,6
7381,0,3
7382,0,0
7383,0,0
7384,1,3
7385,1,5
7386,0,4
7387,1,1
7388,0,4
7389,0,6
7390,1,2
7391,0,1
7392,0,2
7393,1,4
7394,1,8
7395,0,1
7396,1,5
7397,0,1
7398,0,8
7399,1,8
7400,0,4
7401,1,3
7402,0,0
7403,1,4
7404,0,5
7405,0,1
7406,1,5
7407,1,1
7408,1,9
7409,0,3
7410,1,6
7411,1,5
7412,1,5
7413,0,4
7414,0,7
7415,1,6
7416,0,3
7417,0,0
7418,1,4
7419,1,5
7420,1,4
7421,1,3
7422,1,2
7423,0,4
7424,0,8
7425,0,2
7426,0,6
7427,1,4
7428,1,4
7429,0,6
7430,0,8
7431,0,6
7432,1,3
7433,0,3
7434,0,5
7435,0,4
7436,1,7
7437,1,7
7438,0,0
7439,1,1
7440,0,2
7441,0,7
7442,1,4
7443,1,2
7444,0,5
7445,1,6
7446,1,0
7447,1,3
7448,0,1
7449,1,8
7450,0,4
7451,0,9
7452,1,7
7453,1,9
7454,0,4
7455,0,5
7456,0,5
7457,1,1
7458,0,9
7459,1,2
7460,1,3
7461,1,5
7462,0,2
7463,0,5
7464,1,6
7465,0,9
7466,0,7
7467,1,4
7468,1,1
7469,1,4
7470,1,2
7471,0,5
7472,1,7
7473,0,4
7474,1,6
7475,0,9
7476,1,3
7477,0,6
7478,0,2
7479,1,7
7480,0,3
7481,1,4
7482,0,4
7483,1,4
7484,0,1
7485,0,1
7486,1,8
7487,1,9
7488,1,2
7489,0,5
7490,1,3
7491,0,2
7492,1,4
7493,1,9
7494,1,7
7495,0,9
7496,1,0
7497,1,2
7498,0,5
7499,0,9
7500,1,1
7501,1,9
7502,1,3
7503,0,3
7504,0,3
7505,1,9
7506,1,3
7507,1,3
7508,1,1
7509,0,1
7510,0,4
7511,1,8
7512,1,2
7513,1,0
7514,0,1
7515,0,9
7516,0,7
7517,0,0
7518,1,4
7519,1,7
7520,0,7
7521,0,8
7522,0,0
7523,0,7
7524,1,6
7525,0,0
7526,0,0
7527,0,4
7528,0,3
7529,0,2
7530,1,1
7531,0,4
7532,0,4
7533,0,0
7534,0,6
7535,0,6
7536,0,8
7537,1,0
7538,0,6
7539,0,6
7540,0,9
7541,0,7
7542,0,4
7543,1,0
7544,0,4
7545,1,5
7546,0,6
7547,1,8
7548,1,8
7549,1,7
7550,0,7
7551,1,0
7552,0,3
7553,1,4
7554,0,2
7555,0,0
7556,1,7
7557,1,4
7558,1,1
7559,1,8
7560,0,8
7561,0,2
7562,0,1
7563,1,5
7564,1,9
7565,1,7
7566,0,8
7567,0,5
7568,1,8
7569,0,8
7570,0,2
7571,1,0
7572,0,9
7573,1,8
7574,0,4
7575,1,5
7576,0,1
7577,0,2
7578,0,4
7579,0,6
7580,0,1
7581,0,9
7582,0,7
7583,1,2
7584,1,2
7585,1,6
7586,1,4
7587,1,3
7588,0,4
7589,1,3
7590,1,3
7591,1,4
7592,1,1
7593,1,7
7594,1,7
7595,1,5
7596,0,3
7597,0,7
7598,1,2
7599,1,9
7600,1,1
7601,0,4
7602,0,6
7603,1,8
7604,1,5
7605,1,4
7606,0,5
7607,0,5
7608,1,1
7609,0,9
7610,1,8
7611,0,3
7612,1,6
7613,1,8
7614,1,4
7615,1,3
7616,1,3
7617,0,3
7618,1,1
7619,1,6
7620,0,9
7621,0,9
7622,0,8
7623,1,2
7624,1,0
7625,1,8
7626,0,0
7627,1,5
7628,1,1
7629,1,9
7630,0,8
7631,1,0
7632,1,0
7633,1,0
7634,0,1
7635,1,1
7636,1,5
7637,1,5
7638,0,0
7639,1,2
7640,1,2
7641,0,5
7642,1,7
7643,0,7
7644,0,5
7645,0,7
7646,0,5
7647,0,3
7648,0,4
7649,1,8
7650,1,0
7651,1,4
7652,0,4
7653,0,9
7654,1,5
7655,1,5
7656,0,4
7657,0,7
7658,1,6
7659,1,3
7660,0,2
7661,1,9
7662,0,8
7663,1,4
7664,1,2
7665,0,0
7666,1,4
7667,0,0
7668,1,6
7669,1,1
7670,0,1
7671,0,5
7672,0,5
7673,0,3
7674,1,9
7675,1,9
7676,1,6
7677,1,4
7678,0,7
7679,1,8
7680,0,9
7681,0,4
7682,0,7
7683,1,9
7684,0,3
7685,1,4
7686,1,1
7687,0,4
7688,0,7
7689,1,3
7690,1,5
7691,0,8
7692,1,1
7693,0,4
7694,1,8
7695,0,3
7696,1,1
7697,1,5
7698,1,1
7699,0,8
7700,0,5
7701,0,9
7702,0,1
7703,0,6
7704,1,5
7705,0,9
7706,1,5
7707,0,4
7708,1,6
7709,0,8
7710,1,9
7711,1,1
7712,0,1
7713,1,5
7714,1,4
7715,0,2
7716,1,4
7717,1,3
7718,1,3
7719,1,1
7720,0,7
7721,1,9
7722,1,8
7723,0,4
7724,0,8
7725,0,0
7726,0,3
7727,1,6
7728,0,5
7729,0,5
7730,0,4
7731,1,9
7732,1,1
7733,0,9
7734,1,4
7735,1,4
7736,0,8
7737,1,0
7738,1,6
7739,0,6
7740,1,0
7741,1,0
7742,1,3
7743,1,0
7744,1,8
7745,0,5
7746,0,1
7747,1,8
7748,0,6
7749,1,8
7750,0,9
7751,1,0
7752,0,2
7753,0,5
7754,1,6
7755,1,7
7756,1,8
7757,1,9
7758,1,8
7759,1,6
7760,0,6
7761,0,5
7762,1,1
7763,1,1
7764,1,6
7765,1,0
7766,0,6
7767,1,9
7768,1,5
7769,1,2
7770,0,7
7771,1,3
7772,0,0
7773,1,9
7774,0,1
7775,0,0
7776,0,8
7777,0,4
7778,0,1
7779,0,2
7780,1,5
7781,0,5
7782,1,5
7783,1,2
7784,1,8
7785,0,6
7786,1,6
7787,0,4
7788,0,0
7789,0,9
7790,1,9
7791,0,7
7792,1,9
7793,0,8
7794,1,7
7795,0,6
7796,0,8
7797,1,8
7798,0,3
7799,1,6
7800,0,4
7801,1,0
7802,1,4
7803,1,6
7804,0,6
7805,1,2
7806,0,6
7807,1,7
7808,0,0
7809,0,5
7810,0,5
7811,0,6
7812,0,2
7813,1,4
7814,0,8
7815,0,6
7816,1,4
7817,0,3
7818,0,7
7819,1,7
7820,0,7
7821,0,8
7822,1,4
7823,0,1
7824,1,7
7825,0,6
7826,0,4
7827,1,3
7828,0,2
7829,0,6
7830,0,6
7831,0,4
7832,1,7
7833,0,5
7834,1,1
7835,1,8
7836,1,4
7837,0,8
7838,0,2
7839,1,4
7840,0,8
7841,1,4
7842,1,0
7843,1,1
7844,1,5
7845,1,0
7846,1,6
7847,1,8
7848,0,2
7849,0,2
7850,0,9
7851,0,5
7852,0,0
7853,0,5
7854,0,7
7855,1,6
7856,1,5
7857,0,3
7858,1,1
7859,1,6
7860,0,4
7861,1,3
7862,1,8
7863,0,0
7864,1,4
7865,0,1
7866,0,8
7867,0,1
7868,0,1
7869,1,5
7870,1,5
7871,0,7
7872,0,8
7873,0,1
7874,1,3
7875,1,1
7876,1,8
7877,1,1
7878,0,0
7879,1,8
7880,0,3
7881,0,9
7882,0,4
7883,1,9
7884,1,9
7885,1,8
7886,1,6
7887,1,7
7888,1,1
7889,0,3
7890,1,6
7891,0,4
7892,1,8
7893,1,6
7894,1,9
7895,1,5
7896,0,2
7897,0,8
7898,0,2
7899,0,4
7900,1,3
7901,0,8
7902,1,6
7903,1,2
7904,0,5
7905,1,9
7906,0,9
7907,0,3
7908,1,0
7909,1,7
7910,1,8
7911,0,9
7912,1,2
7913,1,0
7914,0,5
7915,0,3
7916,1,7
7917,1,2
7918,1,7
7919,0,4
7920,0,9
7921,1,5
7922,0,7
7923,0,4
7924,1,1
7925,1,3
7926,0,5
7927,0,5
7928,1,4
7929,1,4
7930,1,0
7931,1,9
7932,0,5
7933,1,8
7934,0,7
7935,1,2
7936,0,1
7937,0,2
7938,1,6
7939,1,2
7940,1,2
7941,1,9
7942,1,6
7943,1,9
7944,1,1
7945,0,1
7946,0,9
7947,0,9
7948,0,3
7949,1,2
7950,1,5
7951,1,3
7952,1,2
7953,1,5
7954,0,8
7955,0,6
7956,0,4
7957,1,3
7958,1,1
7959,1,1
7960,1,8
7961,0,3
7962,1,5
7963,0,0
7964,0,5
7965,1,8
7966,0,3
7967,1,6
7968,1,0
7969,1,3
7970,1,5
7971,0,7
7972,0,7
7973,1,2
7974,1,1
7975,1,3
7976,1,7
7977,0,4
7978,1,5
7979,1,7
7980,0,1
7981,1,7
7982,0,9
7983,1,1
7984,1,4
7985,1,3
7986,0,1
7987,0,5
7988,0,4
7989,1,7
7990,0,2
7991,0,7
7992,0,1
7993,0,4
7994,1,7
7995,0,0
7996,0,5
7997,0,0
7998,0,3
7999,0,3
8000,0,2
8001,1,4
8002,1,0
8003,0,7
8004,0,0
8005,0,4
8006,1,6
8007,0,2
8008,1,7
8009,1,1
8010,1,9
8011,1,3
8012,1,7
8013,0,2
8014,1,1
8015,0,0
8016,1,8
8017,0,0
8018,1,0
8019,1,9
8020,0,1
8021,1,9
8022,0,5
8023,0,2
8024,1,0
8025,1,1
8026,1,6
8027,0,2
8028,0,5
8029,0,3
8030,1,6
8031,1,7
8032,0,6
8033,1,9
8034,1,7
8035,1,7
8036,1,4
8037,1,6
8038,0,8
8039,0,1
8040,0,1
8041,1,5
8042,1,6
8043,1,3
8044,0,4
8045,1,6
8046,0,5
8047,1,2
8048,1,4
8049,1,3
8050,1,9
8051,1,4
8052,1,2
8053,0,7
8054,1,2
8055,1,9
8056,0,7
8057,0,0
8058,1,3
8059,0,4
8060,1,6
8061,0,0
8062,1,9
8063,1,4
8064,1,0
8065,0,1
8066,0,4
8067,0,2
8068,1,0
8069,1,2
8070,1,6
8071,0,5
8072,1,5
8073,0,4
8074,0,9
8075,0,1
8076,0,4
8077,1,1
8078,1,0
8079,1,2
8080,0,5
8081,1,4
8082,0,6
8083,0,5
8084,0,3
8085,1,8
8086,0,2
8087,1,6
8088,1,5
8089,0,7
8090,0,2
8091,1,0
8092,1,7
8093,1,3
8094,1,1
8095,1,1
8096,1,0
8097,1,9
8098,0,9
8099,0,4
8100,0,5
8101,1,0
8102,1,9
8103,1,5
8104,0,5
8105,1,1
8106,0,0
8107,0,7
8108,0,8
8109,0,2
8110,0,8
8111,0,5
8112,1,0
8113,0,6
8114,1,4
8115,0,6
8116,0,7
8117,1,7
8118,0,3
8119,0,8
8120,0,0
8121,0,6
8122,0,7
8123,0,3
8124,0,1
8125,1,8
8126,1,8
8127,1,1
8128,1,1
8129,0,2
8130,1,0
8131,0,7
8132,0,8
8133,1,9
8134,0,3
8135,1,9
8136,1,9
8137,0,2
8138,0,4
8139,0,3
8140,0,1
8141,1,4
8142,0,5
8143,1,4
8144,0,7
8145,0,0
8146,0,0
8147,1,1
8148,1,6
8149,1,4
8150,1,2
8151,0,4
8152,0,8
8153,0,1
8154,0,2
8155,1,1
8156,1,6
8157,1,7
8158,0,0
8159,0,0
8160,1,2
8161,0,4
8162,0,2
8163,1,9
8164,1,8
8165,0,4
8166,1,5
8167,0,5
8168,0,4
8169,0,2
8170,0,3
8171,0,0
8172,0,6
8173,0,3
8174,0,3
8175,1,2
8176,1,8
8177,0,8
8178,0,0
8179,0,2
8180,1,8
8181,1,5
8182,1,5
8183,0,5
8184,1,8
8185,1,0
8186,0,5
8187,1,2
8188,0,1
8189,1,6
8190,1,6
8191,0,2
8192,0,3
8193,1,0
8194,0,8
8195,1,6
8196,1,7
8197,1,9
8198,1,0
8199,0,6
8200,0,1
8201,1,5
8202,1,9
8203,0,8
8204,1,3
8205,1,2
8206,0,1
8207,0,0
8208,0,7
8209,0,5
8210,0,7
8211,0,7
8212,1,9
8213,0,8
8214,0,2
8215,1,7
8216,1,7
8217,1,2
8218,0,5
8219,1,9
8220,1,8
8221,1,4
8222,1,9
8223,0,6
8224,0,5
8225,1,9
8226,0,3
8227,0,0
8228,0,0
8229,0,8
8230,0,7
8231,1,1
8232,1,9
8233,0,8
8234,0,0
8235,0,2
8236,1,7
8237,1,1
8238,0,3
8239,0,2
8240,0,0
8241,1,1
8242,1,0
8243,1,3
8244,1,3
8245,0,1
8246,0,6
8247,1,0
8248,0,6
8249,0,4
8250,0,0
8251,1,0
8252,1,4
8253,0,4
8254,1,6
8255,1,6
8256,1,9
8257,0,6
8258,0,1
8259,0,9
8260,1,7
8261,0,7
8262,1,0
8263,1,2
8264,0,1
8265,1,4
8266,0,4
8267,1,3
8268,1,7
8269,1,2
8270,0,2
8271,0,2
8272,1,2
8273,1,6
8274,1,5
8275,1,9
8276,0,6
8277,1,6
8278,1,5
8279,0,7
8280,1,1
8281,1,8
8282,0,8
8283,1,0
8284,0,6
8285,0,0
8286,1,3
8287,1,8
8288,1,5
8289,1,8
8290,1,3
8291,1,4
8292,1,9
8293,0,3
8294,0,7
8295,0,6
8296,1,1
8297,0,2
8298,0,2
8299,1,5
8300,1,7
8301,0,8
8302,0,1
8303,0,3
8304,0,8
8305,0,4
8306,0,0
8307,1,5
8308,1,8
8309,0,7
8310,1,8
8311,1,0
8312,1,5
8313,0,6
8314,1,6
8315,0,8
8316,0,0
8317,1,2
8318,1,7
8319,1,5
8320,1,9
8321,0,7
8322,0,8
8323,1,6
8324,1,5
8325,0,2
8326,1,2
8327,1,8
8328,0,9
8329,0,9
8330,1,3
8331,0,5
8332,1,9
8333,0,1
8334,0,1
8335,1,3
8336,1,6
8337,0,2
8338,0,2
8339,0,2
8340,0,5
8341,1,5
8342,0,2
8343,0,4
8344,1,0
8345,0,6
8346,1,4
8347,1,6
8348,1,3
8349,1,2
8350,1,8
8351,0,6
8352,1,9
8353,0,6
8354,0,7
8355,1,6
8356,1,7
8357,0,7
8358,0,9
8359,0,0
8360,1,6
8361,0,7
8362,0,2
8363,0,0
8364,0,1
8365,1,1
8366,0,6
8367,0,5
8368,1,7
8369,0,7
8370,1,8
8371,0,2
8372,0,2
8373,0,6
8374,0,2
8375,0,8
8376,1,5
8377,1,1
8378,0,3
8379,0,4
8380,1,1
8381,1,9
8382,0,4
8383,0,4
8384,0,1
8385,1,8
8386,1,1
8387,0,7
8388,0,9
8389,1,5
8390,0,4
8391,0,0
8392,1,9
8393,1,1
8394,0,3
8395,0,4
8396,1,1
8397,0,3
8398,0,0
8399,0,4
8400,1,6
8401,0,9
8402,1,5
8403,1,9
8404,0,8
8405,1,1
8406,1,8
8407,1,0
8408,1,7
8409,0,2
8410,0,7
8411,0,2
8412,0,0
8413,1,2
8414,1,6
8415,0,9
8416,1,3
8417,0,3
8418,1,3
8419,1,2
8420,1,1
8421,0,3
8422,0,4
8423,0,2
8424,1,2
8425,1,0
8426,0,8
8427,0,3
8428,1,8
8429,1,0
8430,1,6
8431,0,6
8432,1,0
8433,0,6
8434,0,7
8435,1,9
8436,0,3
8437,1,6
8438,0,1
8439,0,3
8440,0,7
8441,1,3
8442,0,3
8443,1,8
8444,0,0
8445,0,0
8446,1,9
8447,1,3
8448,1,3
8449,1,0
8450,1,4
8451,1,5
8452,0,0
8453,0,7
8454,1,4
8455,1,4
8456,0,4
8457,0,8
8458,0,4
8459,1,6
8460,1,2
8461,1,4
8462,1,8
8463,0,4
8464,1,4
8465,0,4
8466,0,8
8467,0,4
8468,1,9
8469,1,9
8470,0,8
8471,1,9
8472,0,4
8473,1,9
8474,1,4
8475,0,3
8476,1,4
8477,0,5
8478,0,5
8479,0,3
8480,1,9
8481,1,7
8482,1,4
8483,1,9
8484,1,0
8485,1,3
8486,1,4
8487,1,6
8488,0,2
8489,1,5
8490,1,6
8491,0,8
8492,0,2
8493,1,4
8494,0,5
8495,0,4
8496,1,1
8497,1,5
8498,0,4
8499,0,8
8500,1,9
8501,0,4
8502,0,8
8503,1,8
8504,0,1
8505,0,6
8506,1,1
8507,1,2
8508,0,8
8509,0,0
8510,1,2
8511,1,2
8512,0,7
8513,0,1
8514,1,7
8515,1,0
8516,1,1
8517,0,2
8518,1,2
8519,0,4
8520,1,6
8521,1,4
8522,1,3
8523,0,9
8524,0,9
8525,1,8
8526,0,4
8527,1,2
8528,1,7
8529,0,0
8530,1,3
8531,0,8
8532,1,8
8533,1,7
8534,0,8
8535,1,7
8536,1,0
8537,0,1
8538,1,7
8539,0,8
8540,1,9
8541,1,2
8542,1,1
8543,1,0
8544,1,5
8545,1,6
8546,1,1
8547,1,2
8548,1,7
8549,1,6
8550,0,2
8551,1,9
8552,1,7
8553,1,9
8554,1,7
8555,0,4
8556,0,7
8557,0,2
8558,1,1
8559,0,8
8560,0,5
8561,1,6
8562,1,3
8563,0,6
8564,1,4
8565,0,4
8566,0,7
8567,1,7
8568,0,4
8569,0,1
8570,1,8
8571,1,4
8572,0,2
8573,1,1
8574,1,5
8575,0,8
8576,0,2
8577,0,1
8578,1,3
8579,1,2
8580,1,3
8581,1,6
8582,1,9
8583,0,5
8584,0,3
8585,0,7
8586,1,0
8587,1,1
8588,0,1
8589,0,3
8590,1,0
8591,1,4
8592,1,0
8593,1,9
8594,0,9
8595,1,0
8596,1,2
8597,1,0
8598,1,8
8599,1,3
8600,0,0
8601,0,7
8602,0,7
8603,1,4
8604,1,8
8605,1,2
8606,1,5
8607,1,3
8608,1,7
8609,1,8
8610,1,1
8611,0,4
8612,1,5
8613,1,4
8614,0,3
8615,1,8
8616,1,1
8617,1,1
8618,1,6
8619,1,3
8620,1,4
8621,0,6
8622,1,5
8623,1,7
8624,1,6
8625,0,5
8626,0,3
8627,1,8
8628,1,1
8629,0,0
8630,0,3
8631,1,7
8632,0,9
8633,1,4
8634,0,1
8635,0,3
8636,0,9
8637,1,5
8638,0,7
8639,0,2
8640,0,7
8641,0,1
8642,0,7
8643,1,9
8644,0,8
8645,1,4
8646,1,3
8647,0,2
8648,1,9
8649,1,8
8650,1,2
8651,0,3
8652,0,3
8653,0,8
8654,1,4
8655,1,1
8656,1,1
8657,0,1
8658,1,1
8659,1,8
8660,0,2
8661,0,6
8662,0,2
8663,0,2
8664,0,6
8665,1,1
8666,0,6
8667,1,2
8668,0,6
8669,0,2
8670,0,0
8671,0,2
8672,0,7
8673,1,1
8674,0,6
8675,1,2
8676,0,4
8677,0,2
8678,0,0
8679,0,8
8680,0,5
8681,0,0
8682,0,4
8683,0,3
8684,1,4
8685,0,3
8686,0,6
8687,1,3
8688,0,9
8689,1,9
8690,1,3
8691,0,0
8692,0,2
8693,0,4
8694,0,6
8695,0,0
8696,0,6
8697,1,4
8698,0,7
8699,1,7
8700,0,3
8701,0,6
8702,1,3
8703,0,0
8704,1,5
8705,1,4
8706,0,7
8707,0,1
8708,1,9
8709,1,7
8710,0,4
8711,1,0
8712,1,6
8713,0,2
8714,1,6
8715,1,7
8716,1,3
8717,1,9
8718,0,5
8719,1,1
8720,0,4
8721,1,1
8722,0,8
8723,0,1
8724,1,3
8725,1,7
8726,0,6
8727,0,1
8728,1,8
8729,1,9
8730,0,2
8731,0,8
8732,0,5
8733,1,2
8734,1,8
8735,0,3
8736,0,2
8737,1,6
8738,1,3
8739,0,4
8740,0,4
8741,1,8
8742,1,0
8743,1,3
8744,1,0
8745,1,1
8746,0,8
8747,0,6
8748,0,4
8749,0,1
8750,1,9
8751,0,6
8752,0,2
8753,1,6
8754,0,2
8755,1,2
8756,0,4
8757,0,9
8758,0,9
8759,1,8
8760,1,0
8761,0,7
8762,0,4
8763,0,4
8764,0,0
8765,0,9
8766,0,5
8767,1,0
8768,0,8
8769,1,2
8770,0,7
8771,0,2
8772,1,1
8773,1,2
8774,0,9
8775,0,9
8776,1,8
8777,0,4
8778,0,7
8779,1,3
8780,0,7
8781,1,1
8782,0,9
8783,1,0
8784,1,9
8785,1,7
8786,1,0
8787,1,1
8788,0,7
8789,0,6
8790,0,7
8791,0,1
8792,0,5
8793,0,8
8794,1,9
8795,1,3
8796,1,6
8797,1,4
8798,0,2
8799,1,0
8800,1,8
8801,1,0
8802,0,4
8803,0,0
8804,0,2
8805,0,8
8806,0,2
8807,0,9
8808,0,1
8809,0,7
8810,1,0
8811,1,9
8812,0,4
8813,0,5
8814,0,4
8815,1,7
8816,1,4
8817,1,8
8818,0,0
8819,0,2
8820,1,8
8821,1,9
8822,0,3
8823,0,7
8824,1,5
8825,0,2
8826,1,0
8827,1,6
8828,1,1
8829,0,5
8830,1,4
8831,1,3
8832,1,6
8833,1,4
8834,0,7
8835,0,6
8836,1,3
8837,1,7
8838,0,2
8839,0,4
8840,1,6
8841,1,2
8842,0,4
8843,1,2
8844,1,6
8845,0,9
8846,0,6
8847,1,2
8848,0,3
8849,1,6
8850,1,4
8851,1,0
8852,0,9
8853,0,4
8854,0,6
8855,1,7
8856,0,0
8857,1,1
8858,0,8
8859,0,7
8860,1,0
8861,1,5
8862,0,7
8863,1,6
8864,1,9
8865,1,7
8866,1,9
8867,1,8
8868,1,7
8869,1,3
8870,1,8
8871,0,1
8872,0,6
8873,1,5
8874,0,7
8875,1,6
8876,0,5
8877,0,0
8878,0,6
8879,1,2
8880,1,2
8881,0,3
8882,0,5
8883,0,5
8884,1,7
8885,1,3
8886,0,9
8887,0,3
8888,1,1
8889,0,9
8890,0,7
8891,1,5
8892,1,8
8893,1,7
8894,0,6
8895,0,6
8896,0,3
8897,1,6
8898,1,0
8899,0,3
8900,1,9
8901,0,7
8902,0,3
8903,0,6
8904,1,4
8905,0,5
8906,1,8
8907,1,6
8908,0,8
8909,1,9
8910,0,9
8911,1,6
8912,1,3
8913,1,1
8914,0,2
8915,0,7
8916,0,6
8917,1,1
8918,1,5
8919,0,1
8920,1,4
8921,1,8
8922,0,3
8923,0,8
8924,1,8
8925,1,1
8926,1,2
8927,0,6
8928,1,3
8929,0,3
8930,1,3
8931,0,5
8932,0,8
8933,0,7
8934,1,3
8935,1,8
8936,1,6
8937,0,3
8938,1,4
8939,0,5
8940,1,3
8941,0,3
8942,0,4
8943,1,1
8944,0,3
8945,0,5
8946,1,4
8947,1,3
8948,1,0
8949,0,5
8950,1,2
8951,1,4
8952,0,2
8953,1,4
8954,0,0
8955,1,9
8956,1,8
8957,1,8
8958,0,3
8959,0,3
8960,1,1
8961,1,5
8962,1,2
8963,0,1
8964,1,7
8965,1,0
8966,1,4
8967,0,9
8968,0,4
8969,0,1
8970,1,3
8971,0,3
8972,1,7
8973,1,3
8974,0,9
8975,0,3
8976,1,8
8977,1,3
8978,1,5
8979,1,2
8980,1,7
8981,0,1
8982,0,8
8983,0,1
8984,0,0
8985,1,5
8986,1,7
8987,0,9
8988,0,1
8989,1,7
8990,0,7
8991,0,3
8992,0,9
8993,0,4
8994,1,1
8995,1,3
8996,0,9
8997,1,3
8998,0,6
8999,1,2
9000,1,2
9001,0,0
9002,0,2
9003,1,9
9004,0,1
9005,0,5
9006,0,9
9007,1,2
9008,0,1
9009,1,3
9010,0,1
9011,1,0
9012,1,0
9013,0,1
9014,1,9
9015,0,3
9016,1,2
9017,1,6
9018,1,5
9019,1,3
9020,1,6
9021,1,4
9022,0,0
9023,1,6
9024,0,8
9025,1,7
9026,0,2
9027,1,9
9028,1,7
9029,1,5
9030,0,4
9031,1,8
9032,1,6
9033,0,4
9034,1,6
9035,1,8
9036,1,7
9037,1,2
9038,1,6
9039,1,0
9040,1,1
9041,0,9
9042,0,8
9043,1,2
9044,0,8
9045,0,6
9046,0,4
9047,1,7
9048,1,2
9049,0,7
9050,0,5
9051,1,0
9052,1,2
9053,1,1
9054,0,9
9055,1,7
9056,0,7
9057,0,0
9058,1,3
9059,1,8
9060,1,1
9061,0,2
9062,0,9
9063,1,4
9064,0,2
9065,1,9
9066,0,4
9067,1,2
9068,1,9
9069,0,6
9070,0,7
9071,0,4
9072,1,3
9073,1,2
9074,1,2
9075,1,8
9076,1,9
9077,1,5
9078,0,4
9079,1,2
9080,1,1
9081,0,6
9082,1,4
9083,1,7
9084,0,8
9085,1,5
9086,0,1
9087,0,6
9088,1,3
9089,0,4
9090,1,0
9091,0,0
9092,1,9
9093,0,2
9094,0,1
9095,0,2
9096,1,0
9097,0,9
9098,1,7
9099,0,5
9100,1,6
9101,1,1
9102,0,6
9103,0,3
9104,0,2
9105,1,4
9106,0,7
9107,1,0
9108,1,3
9109,0,5
9110,0,3
9111,0,9
9112,1,2
9113,1,9
9114,1,7
9115,1,3
9116,1,1
9117,0,5
9118,1,6
9119,0,1
9120,0,0
9121,1,5
9122,0,7
9123,0,9
9124,1,2
9125,1,6
9126,1,8
9127,1,1
9128,1,2
9129,1,6
9130,0,3
9131,1,1
9132,0,9
9133,1,7
9134,0,1
9135,1,7
9136,1,4
9137,0,6
9138,0,3
9139,0,4
9140,1,4
9141,0,0
9142,0,0
9143,0,3
9144,0,4
9145,0,1
9146,0,2
9147,0,5
9148,0,6
9149,1,0
9150,1,6
9151,1,4
9152,1,9
9153,1,0
9154,1,7
9155,1,7
9156,0,6
9157,1,0
9158,0,7
9159,1,4
9160,1,2
9161,1,4
9162,1,8
9163,0,9
9164,1,6
9165,0,3
9166,1,7
9167,0,8
9168,1,5
9169,1,1
9170,0,9
9171,1,5
9172,0,2
9173,0,8
9174,0,7
9175,1,3
9176,0,2
9177,1,7
9178,0,6
9179,1,5
9180,1,8
9181,0,0
9182,1,1
9183,0,3
9184,1,8
9185,1,6
9186,0,3
9187,1,3
9188,0,3
9189,0,1
9190,0,9
9191,1,1
9192,0,6
9193,1,1
9194,1,0
9195,0,0
9196,0,8
9197,1,1
9198,0,4
9199,0,0
9200,0,6
9201,1,7
9202,1,7
9203,1,9
9204,1,2
9205,1,5
9206,1,5
9207,1,1
9208,0,8
9209,1,8
9210,1,9
9211,0,1
9212,0,3
9213,1,2
9214,0,5
9215,1,1
9216,1,8
9217,0,9
9218,1,5
9219,1,2
9220,0,0
9221,1,5
9222,0,9
9223,1,6
9224,0,7
9225,0,5
9226,0,6
9227,1,6
9228,1,1
9229,0,8
9230,1,9
9231,1,2
9232,0,4
9233,1,7
9234,1,5
9235,1,6
9236,0,2
9237,1,3
9238,1,2
9239,0,3
9240,0,8
9241,1,1
9242,0,7
9243,1,3
9244,0,3
9245,1,3
9246,1,4
9247,1,5
9248,1,0
9249,0,8
9250,1,7
9251,1,7
9252,0,1
9253,1,7
9254,1,6
9255,0,7
9256,1,9
9257,1,2
9258,1,7
9259,1,4
9260,0,4
9261,1,8
9262,1,4
9263,0,8
9264,0,2
9265,0,8
9266,0,6
9267,1,4
9268,0,9
9269,1,9
9270,1,4
9271,0,7
9272,1,6
9273,1,5
9274,1,9
9275,1,8
9276,0,5
9277,0,5
9278,1,7
9279,0,9
9280,1,1
9281,0,2
9282,1,8
9283,0,9
9284,1,4
9285,1,3
9286,0,4
9287,1,3
9288,1,0
9289,1,8
9290,0,2
9291,1,4
9292,0,8
9293,1,0
9294,0,3
9295,1,6
9296,1,8
9297,1,6
9298,1,5
9299,0,6
9300,0,2
9301,0,2
9302,1,6
9303,0,7
9304,0,4
9305,0,0
9306,0,9
9307,1,9
9308,0,8
9309,1,5
9310,0,3
9311,1,1
9312,0,5
9313,1,0
9314,1,0
9315,0,9
9316,0,5
9317,0,6
9318,1,8
9319,1,0
9320,0,4
9321,0,6
9322,1,2
9323,0,0
9324,1,4
9325,1,0
9326,0,6
9327,1,1
9328,0,6
9329,0,8
9330,1,8
9331,1,5
9332,0,3
9333,1,6
9334,1,6
9335,1,6
9336,0,4
9337,0,9
9338,1,8
9339,0,0
9340,1,5
9341,1,8
9342,0,8
9343,1,2
9344,1,4
9345,1,6
9346,0,8
9347,0,6
9348,1,0
9349,1,1
9350,0,1
9351,0,8
9352,0,4
9353,1,4
9354,1,3
9355,0,5
9356,0,5
9357,0,7
9358,1,0
9359,1,8
9360,1,7
9361,1,6
9362,1,4
9363,1,5
9364,1,1
9365,1,1
9366,0,1
9367,1,0
9368,0,4
9369,1,1
9370,0,0
9371,0,7
9372,0,4
9373,1,9
9374,1,5
9375,1,4
9376,0,9
9377,0,2
9378,0,4
9379,0,1
9380,1,6
9381,0,7
9382,0,6
9383,1,0
9384,0,4
9385,1,2
9386,0,3
9387,0,5
9388,1,8
9389,1,9
9390,1,7
9391,1,7
9392,0,3
9393,0,6
9394,1,7
9395,1,6
9396,0,0
9397,1,1
9398,1,0
9399,1,4
9400,1,1
9401,0,4
9402,1,2
9403,1,6
9404,0,4
9405,1,1
9406,1,9
9407,0,2
9408,0,8
9409,1,3
9410,1,0
9411,0,0
9412,0,2
9413,1,0
9414,1,0
9415,1,6
9416,0,9
9417,1,3
9418,0,1
9419,1,3
9420,0,5
9421,0,7
9422,0,1
9423,0,9
9424,0,9
9425,1,5
9426,0,7
9427,1,8
9428,0,7
9429,0,8
9430,0,0
9431,1,6
9432,0,7
9433,1,9
9434,0,3
9435,1,7
9436,1,7
9437,0,3
9438,0,2
9439,0,4
9440,1,2
9441,0,5
9442,1,8
9443,0,7
9444,0,5
9445,1,7
9446,1,5
9447,1,8
9448,1,7
9449,0,1
9450,0,0
9451,1,8
9452,0,3
9453,1,9
9454,0,6
9455,0,3
9456,1,4
9457,0,1
9458,0,8
9459,0,2
9460,0,7
9461,0,4
9462,1,3
9463,1,2
9464,0,7
9465,1,0
9466,1,8
9467,1,4
9468,0,9
9469,0,1
9470,0,9
9471,0,4
9472,1,3
9473,1,2
9474,0,7
9475,0,1
9476,1,8
9477,1,8
9478,1,1
9479,0,2
9480,1,3
9481,0,6
9482,0,3
9483,0,7
9484,1,5
9485,0,2
9486,0,8
9487,0,5
9488,0,2
9489,1,3
9490,0,2
9491,0,4
9492,1,8
9493,0,9
9494,1,1
9495,1,1
9496,0,3
9497,0,1
9498,0,1
9499,1,3
9500,0,8
9501,1,0
9502,1,0
9503,1,7
9504,1,3
9505,0,6
9506,0,6
9507,0,5
9508,1,8
9509,1,3
9510,1,6
9511,0,8
9512,1,8
9513,0,2
9514,0,2
9515,0,6
9516,1,2
9517,1,8
9518,0,7
9519,0,0
9520,1,2
9521,0,9
9522,1,8
9523,1,2
9524,1,0
9525,1,0
9526,1,2
9527,1,4
9528,0,7
9529,0,4
9530,0,3
9531,1,7
9532,0,5
9533,1,6
9534,0,2
9535,1,5
9536,0,4
9537,0,2
9538,1,5
9539,1,7
9540,1,9
9541,0,9
9542,0,9
9543,0,2
9544,0,8
9545,0,2
9546,1,2
9547,0,9
9548,1,2
9549,0,6
9550,1,8
9551,0,1
9552,0,0
9553,1,8
9554,1,6
9555,0,6
9556,0,2
9557,0,6
9558,0,8
9559,0,6
9560,1,9
9561,0,0
9562,0,9
9563,1,6
9564,0,0
9565,1,9
9566,0,0
9567,1,2
9568,0,2
9569,0,6
9570,1,2
9571,1,5
9572,0,5
9573,0,2
9574,1,6
9575,0,1
9576,1,1
9577,1,6
9578,0,5
9579,1,5
9580,0,9
9581,0,2
9582,1,3
9583,1,2
9584,1,6
9585,1,1
9586,1,4
9587,0,0
9588,0,0
9589,1,3
9590,1,4
9591,0,7
9592,1,4
9593,0,4
9594,0,3
9595,0,8
9596,0,5
9597,1,3
9598,1,1
9599,0,6
9600,1,3
9601,1,0
9602,1,9
9603,1,0
9604,0,5
9605,1,6
9606,0,1
9607,1,7
9608,1,1
9609,0,5
9610,0,7
9611,0,5
9612,1,9
9613,1,7
9614,1,6
9615,1,3
9616,1,5
9617,1,2
9618,0,4
9619,1,4
9620,1,9
9621,0,4
9622,1,3
9623,0,3
9624,1,4
9625,0,3
9626,0,0
9627,1,8
9628,0,2
9629,1,1
9630,1,1
9631,0,4
9632,1,9
9633,0,2
9634,1,6
9635,1,1
9636,0,4
9637,0,0
9638,1,8
9639,1,0
9640,0,0
9641,0,2
9642,1,7
9643,0,6
9644,0,8
9645,1,9
9646,0,3
9647,1,1
9648,0,2
9649,0,8
9650,0,7
9651,0,7
9652,1,6
9653,1,4
9654,1,0
9655,0,4
9656,0,9
9657,1,5
9658,1,5
9659,0,3
9660,1,9
9661,1,8
9662,0,3
9663,0,3
9664,1,9
9665,0,2
9666,0,8
9667,0,0
9668,0,7
9669,0,7
9670,1,4
9671,0,9
9672,1,1
9673,1,3
9674,1,2
9675,0,0
9676,0,2
9677,0,7
9678,1,5
9679,0,1
9680,1,3
9681,0,5
9682,0,5
9683,0,9
9684,0,9
9685,1,5
9686,0,9
9687,0,4
9688,1,5
9689,0,0
9690,1,4
9691,1,9
9692,0,4
9693,0,8
9694,1,5
9695,1,1
9696,1,7
9697,0,3
9698,1,1
9699,0,0
9700,1,1
9701,1,7
9702,1,1
9703,1,3
9704,0,3
9705,1,2
9706,0,3
9707,1,2
9708,0,8
9709,0,0
9710,1,3
9711,0,6
9712,0,3
9713,1,7
9714,0,2
9715,1,5
9716,1,2
9717,1,5
9718,1,4
9719,0,4
9720,1,8
9721,1,9
9722,0,6
9723,0,1
9724,0,5
9725,1,5
9726,1,7
9727,0,2
9728,0,6
9729,0,1
9730,0,7
9731,0,3
9732,0,5
9733,1,4
9734,1,2
9735,0,6
9736,1,1
9737,1,1
9738,1,1
9739,0,2
9740,0,8
9741,0,9
9742,0,0
9743,0,8
9744,0,3
9745,1,3
9746,1,9
9747,0,3
9748,1,3
9749,1,5
9750,1,1
9751,1,7
9752,0,1
9753,1,0
9754,1,3
9755,1,3
9756,1,0
9757,0,6
9758,1,4
9759,1,1
9760,1,9
9761,0,4
9762,1,3
9763,1,0
9764,0,3
9765,0,3
9766,1,1
9767,0,2
9768,1,2
9769,0,3
9770,0,7
9771,1,8
9772,1,5
9773,1,5
9774,1,0
9775,0,3
9776,1,2
9777,1,1
9778,0,6
9779,1,3
9780,0,0
9781,0,7
9782,0,1
9783,0,8
9784,0,8
9785,1,8
9786,0,9
9787,1,3
9788,1,6
9789,1,3
9790,0,6
9791,0,1
9792,0,9
9793,1,9
9794,0,4
9795,0,4
9796,1,4
9797,1,5
9798,0,0
9799,1,0
9800,0,3
9801,0,5
9802,1,2
9803,0,7
9804,1,6
9805,1,9
9806,1,5
9807,1,0
9808,1,7
9809,1,2
9810,1,4
9811,1,1
9812,1,6
9813,0,0
9814,0,3
9815,0,2
9816,1,2
9817,1,1
9818,0,2
9819,0,9
9820,1,4
9821,0,4
9822,1,5
9823,0,7
9824,0,9
9825,1,3
9826,1,9
9827,0,9
9828,0,1
9829,0,7
9830,1,9
9831,1,1
9832,1,0
9833,0,8
9834,1,3
9835,0,2
9836,1,8
9837,1,3
9838,0,5
9839,0,0
9840,0,1
9841,0,1
9842,1,7
9843,0,5
9844,1,1
9845,1,8
9846,1,7
9847,0,2
9848,1,9
9849,0,1
9850,0,3
9851,1,0
9852,0,6
9853,0,9
9854,0,1
9855,0,2
9856,0,6
9857,0,6
9858,1,0
9859,0,7
9860,1,5
9861,1,0
9862,0,5
9863,0,5
9864,1,8
9865,1,9
9866,0,6
9867,0,0
9868,1,4
9869,0,3
9870,0,2
9871,1,4
9872,0,2
9873,1,5
9874,1,0
9875,1,2
9876,1,2
9877,0,1
9878,1,8
9879,0,2
9880,1,0
9881,0,7
9882,0,1
9883,1,7
9884,1,1
9885,1,1
9886,1,5
9887,0,4
9888,0,5
9889,1,7
9890,1,4
9891,0,6
9892,0,9
9893,0,1
9894,0,3
9895,0,9
9896,1,6
9897,1,7
9898,0,2
9899,1,6
9900,0,8
9901,1,2
9902,1,9
9903,0,6
9904,0,6
9905,0,8
9906,0,7
9907,1,1
9908,1,5
9909,0,3
9910,1,5
9911,1,9
9912,0,2
9913,0,5
9914,0,2
9915,0,0
9916,0,7
9917,0,2
9918,1,9
9919,1,7
9920,1,1
9921,0,6
9922,0,2
9923,1,2
9924,0,8
9925,0,8
9926,0,4
9927,1,9
9928,1,8
9929,1,0
9930,0,8
9931,0,5
9932,0,7
9933,1,6
9934,1,2
9935,1,5
9936,1,7
9937,1,8
9938,1,8
9939,0,0
9940,1,3
9941,0,6
9942,0,8
9943,0,6
9944,1,2
9945,1,1
9946,0,6
9947,0,4
9948,1,1
9949,0,0
9950,0,7
9951,1,5
9952,1,5
9953,0,3
9954,1,0
9955,1,3
9956,1,2
9957,0,9
9958,0,1
9959,1,7
9960,0,6
9961,1,0
9962,0,8
9963,0,3
9964,1,2
9965,0,1
9966,1,1
9967,1,5
9968,1,5
9969,0,7
9970,1,4
9971,0,3
9972,1,3
9973,0,9
9974,1,9
9975,1,2
9976,0,6
9977,1,9
9978,1,6
9979,0,4
9980,0,7
9981,1,1
9982,0,9
9983,0,5
9984,1,6
9985,0,2
9986,1,7
9987,0,1
9988,0,3
9989,1,2
9990,0,1
9991,0,7
9992,1,0
9993,1,1
9994,0,3
9995,1,0
9996,0,3
9997,1,6
9998,1,8
9999,0,0
